:020000040800F2
:1000000070450124E903000809E5000819AD00085E
:1000100001E30008D112000861310108000000006E
:1000200000000000000000000000000061FA00086D
:100030003927000800000000E1EE0008A1160108C1
:100040000704000807040008070400080704000864
:100050000704000807040008070400080704000854
:1000600007040008070400080704000839210008F5
:100070004921000859210008692100087921000858
:10008000892100089921000807040008012B0008B5
:10009000212B0008112B0008312B00080704000851
:1000A0000704000807040008070400080704000804
:1000B00039190108070400080704000807040008AC
:1000C00007040008070400080704000807040008E4
:1000D00007040008D12C0108E12D010807040008DD
:1000E00007040008070400080000000007040008D7
:1000F000070400080704000807040008A9210008F5
:1001000007040008070400080704000807040008A3
:1001100007040008B91B01080704000807040008C9
:10012000B9210008C92100080704000807040008D5
:100130000704000807040008070400080704000873
:1001400000000000000000000000000000000000AF
:100150000704000807040008D92100080704000864
:100160000704000807040008070400080704000843
:100170000704000807040008070400080000000046
:100180000704000807040008C91B01080704000849
:100190000704000807040008070400080704000813
:1001A0000704000807040008070400080000000016
:1001B00007040008070400080704000807040008F3
:1001C0000704000807040008000000000000000009
:1001D000000000000000000007040008000000000C
:1001E000000000000000000000000000000000000F
:1001F00000000000000000000704000807040008D9
:1002000007040008070400080000000007040008B5
:100210000704000807040008070400080704000892
:1002200007040008000000000704000800000000A8
:100230000704000807040008000000000704000885
:100240000704000807040008070400080704000862
:100250000704000807040008070400080704000852
:100260000704000807040008070400080704000842
:100270000704000807040008070400080000000045
:100280000704000807040008070400080704000822
:100290000000000007040008070400080000000038
:1002A0000000000007040008070400080704000815
:1002B000C12C01080704000807040008412B0008AE
:1002C000512B0008070400080704000800F002F89A
:1002D00000F07BF814A696E8000CB244B344DA456B
:1002E00001D100F072F8BAE80F000FA696E83000CE
:1002F000A5EB040504EB0607AAEB0704A7F1010729
:100300004FEA15154FEA3414A4F10104AC4201D3AD
:1003100000F05BF813F0010F18BFFB1A43F0010364
:1003200000F001F8DBE71847FC9001001C91010088
:100330000A4410F8013B13F0030408BF10F8014B06
:100340001D1108BF10F8015B641E05D010F8016B89
:10035000641E01F8016BF9D1002D15D010F8014B86
:1003600003F00C030C2BA1EB04040ABF10F8013BB3
:10037000A4EB8314A4EB032405F1010314F8016B2F
:100380005B1E01F8016BF9D5914238BF10F8013BB3
:10039000D1D37047704700000023002400250026B9
:1003A000103A28BF78C1FBD8520728BF30C148BFD8
:1003B0000B607047782900F0DB80002070471FB584
:1003C00017F012FF1FBD10B510BD00F00EFA114658
:1003D000FFF7F5FF15F048F900F02CFA03B4FFF72A
:1003E000F2FF03BC00F0F2F90A4880470A48804750
:1003F0000A480047FEE7FEE7FEE7FEE7FEE7FEE706
:10040000FEE7FEE7FEE7FEE705480649064A074B1A
:1004100070470000E12A000889170108CD02000892
:1004200070E5002470450124701501247015012425
:1004300053EA020C00F069802DE9F04B4FF0000602
:10044000002B1FBFB3FA83F503FA05F424FA05F66F
:100450005E4012BF1643B2FA82F502FA05F4C5F106
:1004600020051EBF22FA05FC44EA0C04203556EA9A
:10047000044C4FEA144418BF641C4FF000084FF0BE
:100480000009904271EB030C39D3002919BFB1FA6E
:1004900081F701FA07F6B0FA80F700FA07F6C7F11C
:1004A00020071EBF20FA07FC46EA0C062037B6FBE1
:1004B000F4FCA7EB0507103F07F01F0BCBF120065C
:1004C0002CFA06F60CFA0BFB44BFB3460026202F8D
:1004D000A4BF5E464FF0000B5BEA060C08BF4FF06E
:1004E000010B19EB0B0948EB0608ABFB027C06FB82
:1004F00002CC0BFB03CCC01B71EB0C01C1E70B461C
:10050000024641464846BDE8F08B13B5084318BF84
:100510004FF0FF300146AFF30080BDE81C4070474C
:1005200070B5044685690068C10601D5302600E033
:100530002026C00707D070BDD4E90121304690477E
:10054000206A401C20626D1EF6D570BD70B5044651
:1005500085690078C00707D170BDD4E9012120204A
:100560009047206A401C20626D1EF6D570BD0000C9
:1005700070B504460D4621461068AFF3008021880F
:10058000090502D50F4A7A4402E00E4A7A440E3237
:10059000002104F1240305E000F00F060009965D38
:1005A0005E54491C0028F7D120780023000704D5A9
:1005B000702D02D009B1022311322046BDE87040EF
:1005C00000F0AAB8CE7D010010B5431C02E010F87F
:1005D000011B71B18107FAD14FF0013202C88C1AA8
:1005E0008C4314EAC211F9D0C01A0A0603D0C01E07
:1005F00010BDC01A10BD0A0401D0801E10BD090232
:10060000FCD0401E10BD10B5203AC0F00B80B1E800
:100610001850A0E81850B1E81850A0E81850203A37
:10062000BFF4F5AF5FEA027C24BFB1E81850A0E840
:10063000185044BF18C918C0BDE810405FEA827C5A
:1006400024BF51F8043B40F8043B08BF7047D20771
:1006500028BF31F8023B48BF11F8012B28BF20F812
:10066000023B48BF00F8012B70474FF000020429FD
:10067000C0F0128010F0030C00F01B80CCF1040CD1
:10068000BCF1020F18BF00F8012BA8BF20F8022B05
:10069000A1EB0C0100F00DB85FEAC17C24BF00F8AB
:1006A000012B00F8012B48BF00F8012B70474FF0D9
:1006B000000200B5134694469646203922BFA0E8B2
:1006C0000C50A0E80C50B1F12001BFF4F7AF0907BE
:1006D00028BFA0E80C5048BF0CC05DF804EB8900AF
:1006E00028BF40F8042B08BF704748BF20F8022BF2
:1006F00011F0804F18BF00F8012B7047704770470A
:10070000704710B500F06CF8006810BD10B50446D5
:1007100000F066F8046010BD2DE9F0470D469946DB
:100720009246044600F124080168880604D5E06971
:1007300021F01001216000E00120A84201DD471BEB
:1007400000E00027A1697A1902EB0900081AA061EC
:100750002078C00602D42046FFF7E2FE002608E01B
:10076000D4E901211AF806009047206A401C761C43
:1007700020624E45F4DB2078C0060AD52046FFF7FC
:10078000CFFE06E0D4E9012130209047206A401CCA
:100790002062381EA7F10107F4DC07E0D4E901214B
:1007A00018F805009047206A401C2062281EA5F119
:1007B0000105F3DC2046FFF7C9FE2078000602D5CC
:1007C0000220BDE8F0870120FBE700000149182066
:1007D000ABBEFEE726000200004870473808002440
:1007E000004870473808002470477546FFF7F4FF4B
:1007F000AE4605006946534620F00700854618B00E
:1008000020B5FFF701FEBDE820404FF000064FF095
:1008100000074FF000084FF0000BAC46ACE8C009F1
:10082000ACE8C009ACE8C009ACE8C00921F0070198
:100830008D46704710B50446AFF300802046BDE8F2
:100840001040FFF7CBBD000010B50446006842F22F
:10085000001140F48070C4F20201884204D142F2D7
:100860000830C4F2020003E046F20830C5F6020088
:10087000006810F4403F0FD007F0E2F96168B1F56D
:10088000803F05D0B1F5403F21D0B1F5003F1FD1E9
:10089000090CB0FBF1F01BE04FF40020002106F042
:1008A0001FFA6168A1F580224FEAB2420A2A0FD8E6
:1008B000DFE802F00606060606063C3A40383E002F
:1008C0006FF0010202EA5141B0FBF1F000E0800854
:1008D0004BF62141C0F2BE01884205D820688168EC
:1008E00021F44071816010BD47F64101C0F27D11D5
:1008F000884206D820680122816862F3092181605C
:1009000010BD21684FF28102C0F2FA22904288683D
:1009100004D8022262F30920886010BD40F44070C0
:10092000886010BDC009D3E74009D1E70009CFE7CF
:10093000000ACDE78009CBE770B549F230204DF6CB
:10094000D461C2F20040C2F200414FF4807209F05B
:100950005BF948F6CC4040F20F46C2F20040C4F2C8
:10096000020640F26F446F2500686FF00801B04244
:10097000C4F20204C4F202050DDCA8421CDC3F22D2
:10098000C4F20202904232DC1022C4F2020290420F
:1009900052D028224AE0A0421ADC40F23F42C4F280
:1009A000020290422ADC40F21042C4F2020290425B
:1009B00042D040F2284239E09F22C4F20202904223
:1009C00025DC7022C4F20202904235D088222DE04C
:1009D00040F29F42C4F2020290421FDC40F2704299
:1009E000C4F20202904227D040F288421EE0402228
:1009F000C4F2020290421FD0582217E040F2404257
:100A0000C4F20202904217D040F258420EE0A022F7
:100A1000C4F2020290420FD0B82207E040F2A04296
:100A2000C4F20202904207D040F2B842C4F202027D
:100A3000904218BF6FF0040102681140016049F252
:100A400058304DF6D471C2F20040C2F2004180220B
:100A500009F0DAF848F6FC106FF00801C2F2004025
:100A60000068B0420DDCA8421CDC3F22C4F2020246
:100A7000904232DC1022C4F20202904252D028226C
:100A80004AE0A0421ADC40F23F42C4F20202904225
:100A90002ADC40F21042C4F20202904242D040F2FC
:100AA000284239E09F22C4F20202904225DC7022E3
:100AB000C4F20202904235D088222DE040F29F42DB
:100AC000C4F2020290421FDC40F27042C4F2020201
:100AD000904227D040F288421EE04022C4F2020237
:100AE00090421FD0582217E040F24042C4F2020266
:100AF000904217D040F258420EE0A022C4F2020207
:100B000090420FD0B82207E040F2A042C4F20202A5
:100B1000904207D040F2B842C4F20202904218BF9D
:100B20006FF0040102681140016049F29C104DF61B
:100B30005201C2F20040C2F20041802209F064F882
:100B400048F6EC206FF00801C2F200400068B042A5
:100B50000DDCA8421CDC3F22C4F20202904232DCCF
:100B60001022C4F20202904252D028224AE0A0424F
:100B70001ADC40F23F42C4F2020290422ADC40F208
:100B80001042C4F20202904242D040F2284239E0C0
:100B90009F22C4F20202904225DC7022C4F20202BB
:100BA000904235D088222DE040F29F42C4F20202EA
:100BB00090421FDC40F27042C4F20202904227D001
:100BC00040F288421EE04022C4F2020290421FD04E
:100BD000582217E040F24042C4F20202904217D07D
:100BE00040F258420EE0A022C4F2020290420FD01E
:100BF000B82207E040F2A042C4F20202904207D0BD
:100C000040F2B842C4F20202904218BF6FF00401F1
:100C100002681140016070BD4DF6D460C2F2004020
:100C20000178AA2940F0718190F83F10FE2918BF81
:100C300070472DE9F041447F48F27662B0F9011027
:100C4000C2F20042B0F9033040F6D008C4F34115B7
:100C500000EE101AE10902EE103AC4F30016B0F9E2
:100C60001B30C4F38107B8EEC01AC4F340041470FB
:100C700047F27022B8EEC22AC2F200429FEDA30AE8
:100C8000C2F20048B0F919C0117048F27A61C2F29C
:100C9000004181EE001A82EE002A88ED001A0D70E4
:100CA0004EF2D011C2F2004101EE103A88ED012A55
:100CB00002EE10CA0E704EF2D211C2F2004148F29A
:100CC0006C72B8EEC11AC2F20042B8EEC22A0F70BE
:100CD000C18B48F2A453118048F2786281EE001A69
:100CE000C2F20043C2F2004282EE002A47F2802E96
:100CF000018C83ED062A9FED862AC2F2004E1180F8
:100D000090F8221021EE021A8EED061A90F8232098
:100D100001EE101A4EF28401C2F2004190F82560F3
:100D200090F8265090F82A40B8EE411A90F82470B6
:100D300081ED001A02F00F0149F604023602C2F2F8
:100D40000042118049F25072C2F2004246EA054167
:100D5000394490F82970116049F6B102C2F200429C
:100D600090F82710117040F26852C2F200424FEA28
:100D7000D71111704EF2D111C7F38402C2F20041B3
:100D80000A704EF2D312C7F34001C2F20042117052
:100D900049F6B002C2F2004207F00101117049F2B7
:100DA0001C52C2F200420CB90021117011784FF0B0
:100DB000000C4DF650050029C2F2004518BF6446EC
:100DC00090F82B1090F82C2088F8091049F27471D3
:100DD000C2F200412A7049F2767288F8084090F811
:100DE0002D400978C2F2004293ED011A214321EE11
:100DF000001A117048F26E7293ED022AC2F200429C
:100E0000B0F82F1022EE002A9EED013A118048F230
:100E1000707149F6C004BDEEC11AC2F2004123EE62
:100E2000000AC2F200449EED024A9FED3A3AB0F841
:100E30003100BDEEC22A24EE033A0880AB202070B8
:100E4000FD2084F83F0011EE100ABDEEC00ABDEE91
:100E5000C33A40F61011A4F8190012EE100AC2F2BB
:100E6000004140F6CC03A4F81B0010EE100AC2F2B9
:100E700000430A7BA4F81D0013EE100A42F007029B
:100E80000A73A4F81F0018784B7848F28861C2F200
:100E9000004143EAC01081F880C040F0380084F877
:100EA00021000AF0B9FE84F823000AF0B5FE000A1A
:100EB00084F824000AF0A0FE84F827000AF09CFEC3
:100EC000000A84F828000AF043FF84F82D004EF24F
:100ED0006400C2F2004040F2F461C2F200410268D4
:100EE0000132026049F2D8600978C2F20040012262
:100EF00084F82E102146027049F23020C2F20040E0
:100F00004022BDE8F04109F0ABBE704700007A44D2
:100F1000EC51383E0000C84240F600000121C5F601
:100F20000200012205F0D8BB40F600000121C5F601
:100F30000200002205F0D0BB704700000000000056
:100F400040F600000821C5F60200012205F0C4BBEE
:100F500040F600000821C5F60200002205F0BCBBE7
:100F60007047000000000000002808BF704710B55F
:100F70004EF2180145F2003CCEF20001C0F2070C1F
:100F800051F804EC0B6800220C689C42FCD01A4417
:100F90009C42A2EB0402234628BF72446245F3D36D
:100FA00001380204ECD1BDE8104070470000000099
:100FB00080B54EF21801C0EB0010CEF200014FEAEE
:100FC000401E002351F804CC0A6800BF0868904214
:100FD000FCD013449042A3EB0003024628BF6344B5
:100FE0007345F3D380BD000010B5FFF7A5FFFFF7F1
:100FF000B7FF14F099F8044614F022F9204310BD0D
:101000002DE9F04383B00023019390460E468146BC
:101010000093FFF789FF922000F0AAF8922000F0D9
:10102000A7F868460624451E2F4600BF552000F04D
:101030009FF8013C07F8010F2006F7D1FFF76CFF7E
:10104000BDF90000BDF90420BDF9021000EE100A40
:1010500040F20000C2F20040B8EEC00A90ED001A63
:1010600021EE000A01EE101A86ED000A00EE102AA9
:1010700090ED002AB8EEC11AB8EEC00A22EE011AAD
:1010800022EE000A86ED011A86ED020AFFF760FFE4
:10109000802000F06DF808242E4600BF552000F097
:1010A00067F8013C06F8010F2006F7D1FFF748FF6B
:1010B0009DF800000F2825D1BDF90200BDF90410EC
:1010C000BDF9062000EE100A40F20400C2F2004012
:1010D000B8EEC00A90ED001A21EE000A01EE101AD7
:1010E00089ED000A00EE102A90ED002AB8EEC11A30
:1010F000B8EEC00A22EE011A22EE000A89ED011AAA
:1011000089ED020AFFF710FFA22000F031F8A220BB
:1011100000F02EF8022400BF552000F029F8013C11
:1011200005F8010F2006F7D1FFF7F6FE9DF9000044
:10113000B4EE001A9DF80110B3EE072AC2B20028DF
:101140004FEAC20242EA51114FF60002CFF6FF7297
:1011500048BF114300EE101AB8EEC00AA0EE012AF3
:1011600088ED002A03B0BDE8F08300000000000015
:1011700080B582B08DF8070048F69C70C2F200403E
:101180000DF107010DF1060201234FF47A7CCDF831
:1011900000C007F0D5FA9DF8060002B080BD00003F
:1011A00070B52DED0A8B40F2285644F68820B7EE34
:1011B000008AC2F20046C2F2004048F29C5196ED0D
:1011C000000AC2F2004190ED011A48F2A430C2F2C6
:1011D000004038EE402A91ED004A40F22C5490ED48
:1011E0001F3AC2F2004433EE411A22EE049A90ED07
:1011F000152A23EE02AA94ED00BAA0EE019A90ED12
:101200001E0A81ED009A13F093FC2AEE000A94ED79
:1012100000AA48F26C6538EE4A1AC2F2004546F65A
:10122000C870C2F2004048F2504195ED002A9FED8F
:1012300027CA21EE021A96ED002A90ED014A48F2E3
:10124000A05038EE423AC2F20040C2F20041A9EE8C
:101250000C0A90ED005A23EE059A91ED1F3A34EEF8
:10126000034AABEE001A91ED150AA2EE049A23EEA2
:1012700000BA91ED1E0A85ED001A80ED009A13F078
:1012800057FC2BEE000A94ED001A48F2706038EE1D
:10129000411AC2F20040A9EE0C0A90ED002A21EE9C
:1012A000021AB6EE002AAAEE001A95ED000A80EDA9
:1012B000001A48F26860C2F2004030EE010A20EEE7
:1012C000020A80ED000ABDEC0A8B70BD23DB793D7C
:1012D000FEE700000000000010B549F224040021E0
:1012E000C2F20044206881634FF465718162042179
:1012F000204608F0D9F947F244209FED0B1AC2F2BC
:101300000040408AC03800EE100A2068B8EEC00ADB
:1013100080EE010A9FED051A20EE010ABCEEC00A1C
:1013200010EE101A816310BD0000C8440000FA429C
:1013300010B549F224040021C2F200442068816300
:101340004FF4F27181620421204608F0ADF947F2B2
:1013500044209FED0B1AC2F20040408AC03800EED4
:10136000100A2068B8EEC00A80EE010A9FED051A47
:1013700020EE010ABCEEC00A10EE101A816310BD07
:101380000000C8440000FA4210B549F224044AF2B1
:101390000061C2F20044C0F20E0191FBF0F021683E
:1013A000013880B288620421204608F07DF9206867
:1013B0007D21816310BD000010B549F22404002195
:1013C000C2F200442068816340F22A7181620421E4
:1013D000204608F069F947F244209FED0B1AC2F24B
:1013E0000040408AC03800EE100A2068B8EEC00AFB
:1013F00080EE010A9FED051A20EE010ABCEEC00A3C
:1014000010EE101A816310BD0000C8440000FA42BB
:1014100010B549F224040021C2F20044206881631F
:1014200040F25E5181620421204608F03DF947F206
:1014300044209FED0B1AC2F20040408AC03800EEF3
:10144000100A2068B8EEC00A80EE010A9FED051A66
:1014500020EE010ABCEEC00A10EE101A816310BD26
:101460000000C8440000FA4210B549F224040421E7
:10147000C2F20044204608F017F920680021816379
:1014800010BD00000000000010B549F22404002146
:10149000C2F200442068816340F24141816204212C
:1014A000204608F001F947F244209FED0B1AC2F2E2
:1014B0000040408AC03800EE100A2068B8EEC00A2A
:1014C00080EE010A9FED051A20EE010ABCEEC00A6B
:1014D00010EE101A816310BD0000C8440000FA42EB
:1014E00070B58AB048F6BC5502ACC2F20045002681
:1014F0000220049001202146CDE9050628460796E2
:10150000CDE9026604F058F90221022200232846A0
:10151000009604F095F901210022284604F0A4F871
:1015200001210122284604F017F9284604F0BCFFE7
:1015300048F65C652146C2F20045284604F03CF9B5
:101540000221022200232846009604F079F90121A5
:101550000122284604F000F901210022284604F067
:1015600083F8284604F0A0FF48F6FC652146C2F245
:101570000045284604F020F90221022200232846D3
:10158000009604F05DF901210122284604F0E4F8F8
:1015900001210022284604F067F8284604F084FF61
:1015A0000AB070BD0000000080B58AB0019108212A
:1015B00004910021CDE90211CDE90511CDE9071112
:1015C000099101A904F08CF830B148F27460C2F2BC
:1015D00000400188013101800AB080BD0000000098
:1015E0008EB040F6C41014F08BF9B0EE009A48F6B5
:1015F000BC5A46F6F0759FED038AC2F2004AC2F269
:101600000045FAE000000000B0EE480A48F65C60D1
:101610004FF40071C2F2004000F0E2FCB0EE480A64
:1016200040F2FF11504600F0DBFC012014F068F995
:1016300044F6B024B0EE480AC2F20044A06B0D900C
:10164000E06B0C90D4E91221D4E91476CDE90217AD
:1016500004A9D4E91890CDE9079048F65C60D4E974
:10166000103BD4E916CECDE900B281E84050C2F279
:101670000040DDE90C21D4E91A8ACDE9098A01F09C
:101680002FF8A86B0D90E86B0C90D5E91A12CDE9F4
:10169000091204A9B0EE480AD5E914BAD5E91880B0
:1016A000CDE9078048F6BC50D5E91039D5E916CE0A
:1016B00081E80054C2F20040DDE90C21D5E9127640
:1016C000CDE90097CDE9026B01F00AF820680D9092
:1016D00004F10409B0EE480AD4E90476D4E906BA64
:1016E000D4E908CED4E90A80D4E90C14CDE9091470
:1016F00004A9CDE9078048F65C6099E80C0281E80E
:101700000054C2F200400D99CDE90097CDE9026B7B
:1017100000F0E6FFB0EE480A95E80E02D5E904763F
:10172000D5E906BAD5E908CED5E90A80D5E90C4550
:10173000CDE9094504ACCDE9078048F6BC50C2F2BA
:101740000040CDE90097CDE9026B84E8005400F039
:10175000C7FF012014F0D4F848F2A455B0EE480AAF
:10176000C2F20045D5E90A80CDE9078048F6FC6061
:1017700095E80E02C2F20040D5E90476D5E906BA32
:10178000D5E908CED5E90C45CDE90945CDE9009765
:10179000CDE9026BCDF810A0CDF814C0CDF818E05B
:1017A00000F09EFFB0EE480A47F28025C2F20045E5
:1017B00095E80E02D5E90476D5E906BAD5E908CE52
:1017C000D5E90A80D5E90C45CDE9094504ADCDE957
:1017D000078048F6FC60C2F20040CDE90097CDE9F1
:1017E000026B85E8005400F07BFF48F6BC5A46F6D1
:1017F000F075C2F2004AC2F2004540F20070C2F237
:101800000040007800283FF4FFAE15F009FF49F2D0
:101810002041C2F200410968411A0A29C0F0D28071
:1018200049F2204149F23044C2F20041C2F2004480
:101830004FF0010B086049F2E860C2F2004049F243
:10184000DC61C2F20041026849F2EC60C2F2004081
:10185000036849F2F460C2F20040D0F800A049F2F7
:10186000F860C2F20040056849F2E460C2F200404C
:10187000076849F2F060C2F20040D0F800C049F2B7
:10188000E060C2F20040006809682668CDE90C57A4
:10189000B2421FBF49F23444C2F200442668B34248
:1018A00020D049F23C44C2F200442668B2451FBF32
:1018B00049F24044C2F200442668B54212D049F2CF
:1018C0002C44C2F200442668B7420BD049F2384794
:1018D000C2F200473E68ACEB0606B6FA86F64FEA5F
:1018E000561B00BF49F2284549F21E5EC2F2004570
:1018F00049F22448C2F2004EC2F20048D5F80090E6
:101900002860A0EB09079EF80060B7FA87F7D8F8BF
:1019100000407F098EF8007049F21D570C1BB4FA85
:1019200084F4C2F200476409C8F800103C7049F220
:101930003044C2F20044226049F23442C2F2004212
:10194000136049F23C42C2F200420C9BC2F800A074
:1019500049F24042C2F20042136049F22C42C2F204
:1019600000420D9B136049F2384249F21F53C2F204
:101970000042C2F20043C2F800C01A7883F800B0F7
:1019800072B1BBF1000F0BD149F678010022C2F20F
:1019900000410A7040F26952C2F200420121117006
:1019A00046F6F07548F6BC5AC2F20045C2F2004A4B
:1019B000002E18BF484505D040F2F4610120C2F264
:1019C0000041087049F21E50C2F200400078002821
:1019D00000F0D880B0EE480A48F65C604FF4007121
:1019E000C2F2004000F0FCFAB0EE480A40F2FF11EB
:1019F000504600F0F5FA012013F082FF44F6B024BF
:101A0000B0EE480AC2F20044A06B0D90E06B0C905F
:101A1000D4E91A12CDE9091204A9D4E914BAD4E917
:101A20001880CDE9078048F65C60D4E91039D4E924
:101A300016CE81E80054C2F20040DDE90C21D4E961
:101A40001276CDE90097CDE9026B00F049FEA86B54
:101A50000D90E86B0C90D5E91A12CDE9091204A992
:101A6000B0EE480AD5E914BAD5E91880CDE9078067
:101A700048F6BC50D5E91039D5E916CE81E80054B6
:101A8000C2F20040DDE90C21D5E91276CDE90097DC
:101A9000CDE9026B00F024FE20680D9004F10409EA
:101AA000B0EE480AD4E90476D4E906BAD4E908CEFF
:101AB000D4E90A80D4E90C14CDE9091404A9CDE9CC
:101AC000078048F65C6099E80C0281E80054C2F295
:101AD00000400D99CDE90097CDE9026B00F000FEC2
:101AE000B0EE480A95E80E02D5E90476D5E906BAC3
:101AF000D5E908CED5E90A80D5E90C45CDE90945F7
:101B000004ACCDE9078048F6BC50C2F20040CDE9F4
:101B10000097CDE9026B84E8005400F0E1FD01205C
:101B200013F0EEFE48F2A455B0EE480AC2F20045AA
:101B3000F0EE480AB0EE481AF0EE481AB0EE482A25
:101B4000D5E90A80CDE9078048F6FC6095E80E02E9
:101B5000C2F20040D5E90476D5E906BAD5E908CE47
:101B6000D5E90C45CDE90945CDE90097CDE9026BF2
:101B7000CDF810A0CDF814C0CDF818E000F044FD69
:101B800010E600BF49F21F50C2F200400078002862
:101B900000F08980B0EE480A48F65C604FF40071AE
:101BA000C2F2004000F01CFAB0EE480A40F2FF1109
:101BB000504600F015FA012013F0A2FE44F6B024BE
:101BC000B0EE480AC2F20044A06B0D90E06B0C909E
:101BD000D4E91A12CDE9091204A9D4E914BAD4E956
:101BE0001880CDE9078048F65C60D4E91039D4E963
:101BF00016CE81E80054C2F20040DDE90C21D4E9A0
:101C00001276CDE90097CDE9026B00F069FDA86B73
:101C10000D90E86B0C90D5E91A12CDE9091204A9D0
:101C2000B0EE480AD5E914BAD5E91880CDE90780A5
:101C300048F6BC50D5E91039D5E916CE81E80054F4
:101C4000C2F20040DDE90C21D5E91276CDE900971A
:101C5000CDE9026B00F044FD20680D9004F1040909
:101C6000B0EE480AD4E90476D4E906BAD4E908CE3D
:101C7000D4E90A80D4E90C14CDE9091404A9CDE90A
:101C8000078048F65C6099E80C0281E80054C2F2D3
:101C900000400D99CDE90097CDE9026B00F020FDE1
:101CA000B0EE480AACE040F62C00C2F200400078EA
:101CB000002800F0278144F688204FF40071C2F21A
:101CC000004090ED050A48F65C60B1EE400AC2F2B1
:101CD000004000F085F946F6C87040F2FF11C2F2EC
:101CE000004090ED050A504600F07AF9012013F00B
:101CF00007FE48F2A43044F6B024C2F20040C2F21B
:101D0000004404F13C0990ED090AA06B0D90D4E960
:101D10001A15CDE9091504A9D4E914BAD4E9188033
:101D2000CDE9078048F65C6099E80C02D4E916CE4C
:101D300081E80054C2F200400D99D4E91276CDE951
:101D40000097CDE9026B00F0CBFC48F2504046F61C
:101D5000F075C2F20040C2F2004590ED0A0AA86B8D
:101D60000D90E86B0C90D5E91A12CDE9091204A97F
:101D7000D5E914BAD5E91880CDE9078048F6BC50FA
:101D8000D5E91039D5E916CE81E80054C2F20040F9
:101D9000DDE90C21D5E91276CDE90097CDE9026B9A
:101DA00000F09EFC48F2A43004F10409C2F20040A5
:101DB000D4E9047690ED0A0A20680D90D4E906BAB9
:101DC000D4E908CED4E90A80D4E90C14CDE9091489
:101DD00004A9CDE9078048F65C6099E80C0281E827
:101DE0000054C2F200400D99CDE90097CDE9026B95
:101DF00000F076FC48F25040C2F2004090ED090A33
:101E000095E80E02D5E90476D5E906BAD5E908CEFB
:101E1000D5E90A80D5E90C45CDE9094504ACCDE901
:101E2000078048F6BC50C2F20040CDE90097CDE9EA
:101E3000026B84E8005400F053FC012013F060FDB5
:101E400040F2F46048F2A456C2F20040C2F20046EA
:101E500006F11C0A0278D6E900100C90B0680D90CB
:101E6000012AD6E9033CD6E905749AE82104D6E9AB
:101E70000A98D6E90CBE21D148F25072B0EE480A59
:101E8000C2F20042B0EE481AF0EE481AB0EE492A0B
:101E9000D2ED000A04AACDE9003C82E8210448F60C
:101EA000FC60C2F20040DDE90C23CDE90274CDE90B
:101EB0000798CDE909BE00F0A7FB14E004AA96ED4F
:101EC000060ACDE9003C82E8210448F6FC60C2F233
:101ED0000040DDE90C23CDE90274CDE90798CDE996
:101EE00009BE00F0FDFB49F21D50C2F2004000782F
:101EF000002847F28020C2F2004090ED060A00FE62
:101F0000080A51E4B0EE480A48F65C604FF40071EC
:101F1000C2F2004000F064F8B0EE480A40F2FF114F
:101F2000504600F05DF8012013F0EAFC44F6B024BE
:101F3000B0EE480AC2F2004404F13C09A06B0D90D7
:101F4000D4E91A15CDE9091504A9D4E914BAD4E9DC
:101F50001880CDE9078048F65C6099E80C02D4E966
:101F600016CE81E80054C2F200400D99D4E91276F1
:101F7000CDE90097CDE9026B00F0B2FB46F6F075B3
:101F8000C2F2004543E6000002889FED121A12BA21
:101F9000120C0A804288D2BA00EE102AB8EEC00AAB
:101FA00080EE010A9FED0C1A30EE000A20EE010AC5
:101FB0009FED0A1A80EE010A81ED010A428812BAE9
:101FC000120C0A81828812BA120C4A818079087335
:101FD000704700BF00007042DA0F49407B146E4129
:101FE00080B582B09FED221A002280EE010A9FED9B
:101FF000211A48F65C6301920092C2F2004380EE1F
:10200000010AB3EE041A984280EE010A9FED1A1AF3
:1020100020EE010ABDEEC00A10EE102A04D144F6EB
:102020008823C2F200431A8248F6BC53C2F200432E
:10203000984204D146F6C873C2F200431A8293B2A2
:102040008DF801208DF803201B0A09B28DF80520B8
:102050008DF807206A468DF800308DF802308DF833
:1020600004308DF80630FFF79FFA02B080BD00BF44
:102070007B146E410AD7A33C00008046000000009C
:10208000027891ED090A30EE001A02F00F020A7090
:10209000027812094A70B0F8012052BA02EE102AF2
:1020A000B8EE422A21EE021A9FED212A81EE021A91
:1020B00031EE400A81ED010A91ED0A0AC2780379F6
:1020C00030EE001A120142EA131202EE102AB8EEA4
:1020D000422A21EE021A9FED172A81EE021A31EEF2
:1020E000400A81ED020A91ED080A027930EE001AE9
:1020F000437902F00F0243EA022203EE102AB8EEFF
:10210000433A21EE031A81EE021A31EE400A81EDC4
:10211000030A827900EE102AB8EE400A81ED040A23
:10212000C07900EE100AB8EE400A81ED050A70474A
:1021300000FF7F4700F07F4548F6FC10C2F20040E8
:1021400002F05AB80000000048F67420C2F20040C5
:1021500002F052B80000000048F60C10C2F2004035
:1021600002F04AB80000000048F69400C2F20040B5
:1021700002F042B80000000048F6CC40C2F2004035
:1021800002F03AB80000000048F64450C2F20040A5
:1021900002F032B80000000048F6EC20C2F2004025
:1021A00002F02AB80000000048F66430C2F2004095
:1021B00002F022B80000000048F6DC30C2F2004015
:1021C00002F01AB80000000048F65440C2F2004085
:1021D00002F012B80000000048F68410C2F200407D
:1021E00002F00AB80000000040F20F42D0F800C030
:1021F000C4F20202944510DC6F22C4F2020294453C
:1022000020DC3F22C4F20202944536DC1022C4F2E4
:102210000202944554D028224EE040F26F42C4F2AC
:10222000020294451ADC40F23F42C4F20202944595
:102230002ADC40F21042C4F20202944540D040F23F
:10224000284239E09F22C4F20202944525DC702224
:10225000C4F20202944533D088222DE040F29F421E
:10226000C4F2020294451FDC40F27042C4F2020242
:10227000944525D040F288421EE04022C4F202027A
:1022800094451DD0582217E040F24042C4F20202A9
:10229000944515D040F258420EE0A022C4F202024A
:1022A00094450DD0B82207E040F2B842C4F20202D1
:1022B000944505D040F2A042C4F20202944517D1E1
:1022C0000CF0F8024AF6AB23103ACAF6AA23A2FB96
:1022D000033109A35F2AC1F302115B5C40F2FF31B5
:1022E0002CEA0101C36588BF043181650846704747
:1022F0002CF0FF01F9E700BF0006101600061016CB
:1023000070B540F26F44D0F800C0C4F20204D0F8B7
:1023100058E0A44519DC9F25C4F20205AC4531DC28
:102320005725C4F20205AC4556DC1025C4F202055F
:10233000AC4500F092802825C4F20205AC4500F0BF
:102340008C804025C4F2020584E045F22F45C5F695
:102350000205AC452BDC40F2B745C4F20205AC45A2
:1023600048DC40F27045C4F20205AC4575D040F23D
:102370008845C4F20205AC456FD040F2A045C4F2D6
:10238000020567E040F22745C4F20205AC4540DC97
:10239000A025C4F20205AC455FD0B825C4F2020501
:1023A000AC455AD040F21045C4F2020552E045F265
:1023B0006B45C5F60205AC453CDC45F23045C5F63B
:1023C0000205AC4549D045F24445C5F60205AC4589
:1023D00043D045F258453BE05825C4F20205AC45D0
:1023E0003BD07025C4F20205AC4536D08825C4F236
:1023F00002052FE040F2B845C4F20205AC452CD0EE
:1024000045F20845C5F60205AC4526D045F21C4507
:102410001EE040F22845C4F20205AC451DD040F252
:102420004045C4F20205AC4517D040F25845C4F20D
:1024300002050FE045F26C45C5F60205AC450CD02F
:1024400045F29445C5F60205AC4506D045F28045F7
:10245000C5F60205AC4540F0CC80456EC66E002E38
:10246000866E6E601CBFD0E91C566E60A44515DCFC
:102470009F24C4F20204A4452BDC5724C4F20204B6
:10248000A4454EDC1024C4F20204A44576D02824CE
:10249000C4F20204A44571D040246BE045F22F44FD
:1024A000C5F60204A44527DC40F2B744C4F2020496
:1024B000A44542DC40F27044C4F20204A4455DD05D
:1024C00040F28844C4F20204A44557D040F2A0442C
:1024D00050E040F22744C4F20204A4453CDCA024AE
:1024E000C4F20204A44549D0B824C4F20204A445AD
:1024F00044D040F210443DE045F26B44C5F602047E
:10250000A44553DC45F23044C5F60204A4455FD02F
:1025100045F24444C5F60204A44559D045F2584456
:1025200052E05824C4F20204A44527D07024C4F217
:102530000204A44522D088241CE040F2B844C4F22E
:102540000204A4451AD045F20844C5F60204A44585
:102550003ED045F21C4437E040F22844C4F2020465
:10256000A4450BD040F24044C4F20204A44505D077
:1025700040F25844C4F20204A4453AD18468C06DC4
:1025800000F01F003F2505FA00F0CEF80800DCF847
:102590000000402C20F48020CCF80000CCF804305F
:1025A00023D1CCF80820CCF80C1070BD45F26C4457
:1025B000C5F60204A4450BD045F28044C5F60204DA
:1025C000A44505D045F29444C5F60204A44510D1B3
:1025D000C46D012504F01F04806805FA04F4CEF8E8
:1025E00004404028CCF80430DBD0CCF80810CCF8FC
:1025F0000C2070BD0000000000F12002818682ECFA
:10260000030A70470000000010B582B09DED0A3A41
:102610009DED0B4A30EE030A9FED2E5A30EE846A90
:10262000BDF9381033EE033A20EE050A9FED2A5A21
:1026300034EE044A26EE056A80EE030A22EE052AED
:1026400086EE043A9DED094A31EE041A34EE044A4E
:1026500021EE856A21EE051AB1EE045ABDEEC00ADC
:10266000BDEEC33A81EE041A9FED1C4A86EE044A81
:1026700010EE102A82EE052A13EE103ABDEEC11AB2
:102680008DF80120BDEEC44A140ABDEEC22A8DF8B1
:10269000004011EE10CA1A0914EE10EA8DF802205B
:1026A00012EE104A8DF807C08DF804E04FEA1E22A2
:1026B00042EA03128DF8032022098DF80520220139
:1026C00042EA1C228DF806206A46FEF76DFF02B032
:1026D00010BD00BF00FF7F4700F07F450000FA43B8
:1026E00080B582B09DED091A002280FE410AADF846
:1026F0000420B1EE412ABDF93810009280FE020A92
:102700009FED0B2A30EE010A31EE011A20EE020A8B
:1027100080EE010ABDEEC00A10EE103A1ABA120C91
:10272000ADF806206A46FEF73FFF02B080BD00BF4D
:1027300000F07F450000000070470000000000002E
:1027400010B5044603F0D0FF04EB840148F2886220
:10275000C2F2004202EB8101486010BD000000009F
:1027600080B582B009B24FF0FF32CDF8032000925D
:10277000FD228DF807206A46FEF716FF02B080BDE5
:1027800049F2044048F26061C2F20040C2F20041E6
:102790009FED123A90ED000A49F60000C2F20040A7
:1027A00091ED002AA0EE032A90ED001A40F2347059
:1027B00030EE011AC2F2004081ED002A90ED000ACD
:1027C000A1EE030A80ED000A48F26460C2F2004004
:1027D00030EE420A80ED000A704700BF6F12033BE3
:1027E00080B582B009B24FF0FF32CDF803200092DD
:1027F000FC228DF807206A46FEF7D6FE02B080BDA7
:10280000EFF3108072B600BFFEE70000000000008A
:102810000CF0F6FE002014F077FC48F65C64012111
:10282000C2F200442046FFF79BFF48F6BC55012149
:10283000C2F200452846FFF793FF48F6FC661121D7
:10284000C2F200463046FFF78BFF012002F0F8FE8F
:1028500002212046FFF784FF02212846FFF780FF70
:1028600010213046FFF77CFF012002F0E9FE9FEDCA
:102870009A8A4FF40071B0EE480A2046FFF7B0FB89
:10288000B0EE480A40F2FF112846FFF7A9FBFEF719
:102890004FFD642002F0D4FE0EF0FAFE322002F06A
:1028A000CFFEFEF745FD642002F0CAFE0EF0F0FEFA
:1028B000322002F0C5FE47F2702749F230284DF66B
:1028C000D46A48F6CC4B40F20F49C2F20047C2F23C
:1028D0000048C2F2004AC2F2004BC4F202090BE007
:1028E000C4F20202904218BF6FF004010268114066
:1028F0000160012013F004F800206421002200236D
:1029000011F076F8642002F09BFE01212046FFF7CB
:1029100027FF01212846FFF723FF11213046FFF74B
:102920001FFF012002F08CFE02212046FFF718FF56
:1029300002212846FFF714FF10213046FFF710FF51
:10294000012002F07DFEB0EE480A4FF400712046EF
:10295000FFF746FBB0EE480A40F2FF112846FFF7AA
:102960003FFB3878012804D0012080F3138803F05E
:10297000C7FF002000210022002311F039F8642055
:1029800002F05EFE01212046FFF7EAFE0121284603
:10299000FFF7E6FE11213046FFF7E2FE012002F0CC
:1029A0004FFE02212046FFF7DBFE02212846FFF7FB
:1029B000D7FE10213046FFF7D3FE012002F040FE83
:1029C000B0EE480A4FF400712046FFF709FBB0EE65
:1029D000480A40F2FF112846FFF702FB3878012829
:1029E00004D0012080F3138803F08AFF4FF4807233
:1029F0004046514607F008F9DBF800006FF0080187
:102A0000484511DC6F22C4F20202904222DC3F22D0
:102A1000C4F2020290423BDC1022C4F20202904255
:102A20003FF464AF28225BE740F26F42C4F2020237
:102A300090421DDC40F23F42C4F2020290422FDC81
:102A400040F21042C4F2020290423FF44FAF40F213
:102A5000284245E79F22C4F2020290422ADC7022FB
:102A6000C4F2020290423FF441AF882238E700BF2F
:102A700040F29F42C4F20202904223DC40F27042D4
:102A8000C4F2020290423FF431AF40F2884227E79D
:102A90004022C4F2020290423FF428AF58221FE7BE
:102AA00040F24042C4F2020290423FF41FAF40F2B3
:102AB000584215E7A022C4F2020290423FF416AF3A
:102AC000B8220DE740F2A042C4F2020290423FF465
:102AD0000DAF40F2B84203E7000000000000000024
:102AE00044F60C00C5F60200016841F002010160E5
:102AF00050F8081C8904FBD5704700000000000056
:102B000048F6BC50C2F2004002F086BF0000000050
:102B100048F6BC50C2F2004002F07EBF0000000048
:102B200048F65C60C2F2004002F076BF0000000090
:102B300048F65C60C2F2004002F06EBF0000000088
:102B400048F6FC60C2F2004002F066BF00000000E0
:102B500048F6FC60C2F2004002F05EBF00000000D8
:102B6000F0B5D1E900C4D1F808E00D692CB14EEA06
:102B70000C04254345F0804C03E045EA8C4444EACC
:102B80000E0C856ED0F88470D1E907466B438D69D1
:102B900044EA0660D1F814E0CC68054307EB8300F3
:102BA00045EA0E0647F823C046EA04434360CB6873
:102BB000002B08BFF0BD48F2807C083001320023B2
:102BC000C0F6010CD71857F8017CC750CF68043302
:102BD0001CF80770BB42F5D3F0BD000000000000F8
:102BE00048F2A870C2F200400078D0B19FED0F1AF1
:102BF00020EE010A9FED0E1A9FED0E2A20EE011A1B
:102C000020EE022A20EE011A22EE002AA1EE002A6E
:102C10009FED091AA0EE012A9FED080A32EE000A84
:102C200070479FED010A70470000000000007A44E1
:102C3000E1BE2336348037BB0681853FD7A30AC265
:102C400046F6C850C2F2004090ED690A7047000095
:102C500046F6C850C2F2004090ED680A7047000086
:102C600046F6C850C2F2004090ED6A0A7047000074
:102C700082B09FED488AB3EE040AB7EE001AF2EE76
:102C8000041AB6EE002AF0EE482AF0EE483A48F26E
:102C9000DC70C2F20040DFED3D0A9FED3D3A0BF0E3
:102CA000D7FF14F0BDFC40F2F86648F2A45B4EF288
:102CB0005C5840F2F46948F250754EF26007C2F277
:102CC0000046C2F2004BC2F20048C2F20049C2F212
:102CD00000459FED319AC2F200470DF1040A0190C0
:102CE0000EE000BF4EF26201DBF81C00C2F20041B0
:102CF00028600020088038800221504612F008FE2B
:102D000096ED000ADBED010A12F04AFB99F800008B
:102D100088ED000A0128E5D1544648F2DC7AF0EE4D
:102D2000480AC2F2004A50460CF012F850460CF025
:102D300017F898ED001A85ED000AB0EEC11AB4EE4E
:102D4000491AF1EE10FA0DDC48F2AA734EF2620253
:102D5000C2F20043C2F20042188811880130188084
:102D6000481C108048F2AA70A246C2F200400088B7
:102D70006428C1D348F2AA723888C2F20042002106
:102D800089F8001001301180B5E700BF0AD7233C55
:102D90009A99993E000000008FC2F53C00000000A7
:102DA0002DE9F04F81B010F0DFF948F2A43046F67B
:102DB0001056C2F20040C2F20046D0ED150A90ED66
:102DC0001A0A30460CF0C0F848F2504946F66454EE
:102DD000C2F20049C2F200442046D9ED150A99ED2D
:102DE0001A0A0CF0B1F896ED070A48F27B6B20EE58
:102DF000000AC2F2004B94ED071A96ED0A2A21EE62
:102E0000011A9BF80000A2EE020A49F2105194ED5B
:102E10000A3AC2F2004105EE100AA3EE031A91ED40
:102E2000003A49F2D068C2F2004849F2085033EE45
:102E3000000AC2F20040B8EE455A98ED003A81ED22
:102E4000000A33EE011A96ED002A96ED034A80EE51
:102E5000050A88ED001A80ED000A49F2C860C2F246
:102E6000004081EE050A96ED111A49F2484A80EDBC
:102E7000000A96ED0E0A30EE420A94ED003A94ED07
:102E80000E6A86ED070A31EE440AC2F2004A86ED68
:102E90000A0A36EE431A94ED030A0AF13005D4ED1E
:102EA000110A84ED071A30EEC01A284684ED0A1A7A
:102EB0000BF04EFF28460BF053FF94ED040ADAEDB9
:102EC000150A50460BF044FF50460BF049FF0AF13B
:102ED000900596ED000AD6ED0E0A28460BF038FF55
:102EE00028460BF03DFF0AF1600596ED010ADAED88
:102EF0002D0A28460BF02CFF28460BF031FF49F233
:102F0000086594ED030AC2F20045D4ED110A05F1FB
:102F1000300738460BF01CFF38460BF021FF94EDCC
:102F2000040AD5ED150A28460BF012FF28460BF0CF
:102F300017FF05F1900496ED000AD6ED0E0A204623
:102F40000BF006FF20460BF00BFF05F1600496ED39
:102F5000010AD5ED2D0A20460BF0FAFE20460BF0B3
:102F6000FFFE48F2A4309AED090ADAED210AC2F216
:102F7000004010F021FC95ED090A4846D5ED210AE4
:102F800010F01AFC9BF80000FF283CD149F20850D1
:102F900049F2C863C2F2004049F210529FED1E0A86
:102FA000C2F2004390ED001AC2F20042B4EE401AA1
:102FB000F1EE10FA0DDC48F25C70DAF82410C2F27F
:102FC0000040016048F26070C2F20040DAF88410FC
:102FD000016093ED001AB4EE401AF1EE10FA0CDC29
:102FE00048F26470696AC2F20040016048F2687099
:102FF000C2F20040D5F88410016000208BF8000078
:103000001060C8F800009BF8000001308BF8000049
:1030100001B0BDE8F08F00BF0AD7233C00000000DC
:1030200090F85C20012A01D10220704770B582B06F
:1030300042F20835012280F85C2000230193C4F29B
:1030400002050093A5F542740368A34228D14FF608
:10305000006CCFF6FF7C55F80C409A68224352076B
:103060001ED4D1F800E02A68BEF1000F22F44044DB
:1030700023D043F4807242F20013C4F202034E687C
:103080009A4244EA06022A602BD14FF60052CFF64C
:10309000FF72AA5855F80C301343DA073FD127E0E6
:1030A000016E41F0200101660121002280F85C20C0
:1030B00002B0BDE870400846704742F2001243F487
:1030C0008071C4F202022C6091421AD14FF6005175
:1030D000CFF6FF71695855F80C201143C9071ED16E
:1030E00016E046F20802C5F602021368DA0716D1A6
:1030F0002A6840F61F739A438968114341EA0E011A
:103100000AE046F20801C5F602010968C90706D1BE
:10311000296840F61F72914329600021C5E700210C
:10312000C3E70000000000002DE9F04181B000225B
:10313000009290F85C20012A01D10221C5E20268C8
:10314000012380F85C3093685B0700F1B68246F299
:10315000083C4FF6FF78C5F6020CC0F20F08ACF53C
:10316000427E0B68724512D0002B10D493FAA3F460
:1031700013EA080FB4FA84F44FF0010508BF9C0E5F
:1031800004F01F0405FA04F4D5692C43D4614C689B
:103190001F26C3F38463C4F3012504F01F04A64073
:1031A00002EB8505A3402F6B27EA060633432B630A
:1031B0009368946803F0040304F008041B1940F0BA
:1031C00006810B6807268D687245C3F34064C3F31C
:1031D000045302EB840406FA03F6676905FA03F365
:1031E00027EA060643EA060363610FD041F20003B3
:1031F000C5F600431B6803F07043B3F1805F10D144
:103200004B69D4680E2505EA540416E04FF60454C1
:103210004B69CFF6FF7406255CF8044005EA940478
:103220000BE0D4684B69D568E4064FEA550502D433
:1032300005F00E0401E005F008040E6903FA04F538
:10324000042E24D1724530D0136E0C6803F0F8457B
:10325000A3069D4203D1146E24F000441466546EFC
:1032600004F0F8449C4203D1546E24F000445466A8
:10327000946E04F0F8449C4203D1946E24F0004410
:103280009466D46E04F0F8449C425FD09FE002F153
:1032900060030F68724507F0F84753F826405AD08C
:1032A00004F000443C44254359E04FF65853CFF610
:1032B000FF735CF80330136E0C68C3F3846314EA85
:1032C000080F94FAA4F5B5FA85F508BFC4F3846530
:1032D000AB4203D1136E23F000431366536E536E5B
:1032E0000C6814EA080F94FAA4F5B5FA85F508BF3E
:1032F000C4F38465C3F38463AB4203D1536E23F0FC
:1033000000435366936E936E0C6814EA080F94FAA8
:10331000A4F5B5FA85F508BFC4F38465C3F38463E7
:10332000AB4203D1936E23F000439366D36ED36E0A
:103330000C6814EA080F94FAA4F5B5FA85F508BFED
:10334000C4F38465C3F38463AB4240D1D36E23F0EE
:103350000043D3663BE045EA070444F0004543F8E8
:10336000265072450D691BD091F821400E7E53F80E
:10337000257027F00047012C08BF07F10047741E95
:10338000B4FA84F443F8257063090C69DB0215690B
:1033900004F01F0425F4F045A3402B43136116E00D
:1033A000ACF52A72CB6952F8254024F0807423438F
:1033B00042F825300B6991F8204052F82350012C37
:1033C00025F0007508BF05F1007542F8235002682A
:1033D0009368DB0740F02C810B68CD68724503EAE7
:1033E000080105F018060BD0D2F8C04028FA06F6FE
:1033F00024EA010106EA03042143C2F8C0100DE0EB
:103400004FF6A85428FA06F6CFF6FF741E405CF873
:10341000047027EA010131434CF804100021C4F282
:10342000527101F52D04A54240F0FF8046F20004E0
:10343000C5F60204A2423FD042F20014C4F20204D4
:10344000A24224D042F20004C4F20204A2424CD1AF
:103450001F24C1F2F044A3421EDD40F2FF74C2F605
:103460003064A34249DD40F60004C2F63064A34252
:1034700000F0AC8041F20004C3F26024A3427CD08F
:103480000024C4F22134A34200F0BA80A3E01F213B
:10349000C1F2F0418B422ADC0721C0F690418B42F9
:1034A0004DDC0221C0F230418B4253D00421C0F6E2
:1034B00060018B4215D08EE01F21C1F2F0418B429A
:1034C00027DC0721C0F690418B425BDC0221C0F271
:1034D00030418B423ED00421C0F660018B4240F067
:1034E00084804021C1F620118AE0002188E040F26A
:1034F000FF71C2F630618B4233DC2021C1F2F04112
:103500008B4229D040F20041C2F600218B4211D0FB
:1035100061E040F2FF71C2F630618B4245DC202150
:10352000C1F2F0418B4217D040F20041C2F60021B7
:103530008B425AD140F60001C2F6306160E00821AA
:10354000C0F690418B422CD01021C1F2C0018B42B9
:1035500022D040E0012153E040F20021C2F2B051FC
:103560004EE040F60001C2F630618B422ED041F2AF
:103570000001C3F260218B422DD142F20001C3F25F
:1035800090613DE00821C0F690418B4209D01021A6
:10359000C1F2C0018B4228D140F20011C2F2801169
:1035A0002EE08021C1F650512AE040F60001C2F61B
:1035B00030618B420AD042F20001C3F290618B422B
:1035C00013D144F20001C3F6C02119E041F2000119
:1035D000C3F2602114E000240021C4F68434A34225
:1035E00004BF0021C4F6B8710AE044F200040021CF
:1035F000C3F6C024A34204BF48F20001C3F6F06141
:10360000724512D091FAA1F44FF6C135B4FA84F4A0
:10361000C0F20A05294208BF8C0E04F01F010124E4
:1036200004FA01F1D4692143D161B3F1FF3F01DD17
:10363000002147E042F2000142F20016C4F202010A
:10364000C4F2020601F5807401F54275A242644697
:1036500008BF2C468A4208BF2C4642F48075B5420A
:10366000246822D18D68D1F808112943C90724D1D3
:10367000002104F0E075CCF252718B4208BF14F4C3
:10368000000126D00021CCF221318B4249D100210A
:10369000B1EB156F45D1724514D1DCF8001021F063
:1036A000E071294341F080714EE04FF60051CFF6B2
:1036B000FF715CF80110C907DAD0016E41F02001FA
:1036C00001660121002280F85C20084601B0BDE8B7
:1036D000F0817245ACD1DCF8001042F6635221F063
:1036E000E071C0F23E52294341F40001CCF80010D1
:1036F00040F20C51C2F2004109688909A1FB021293
:103700009109022202EB41010091009900298FD01A
:10371000009901390091009900294FF00001F7D17B
:10372000D0E772454FF00001CCD10022CCF68432B4
:10373000934208BF14F48002C4D1DCF8001021F0D9
:10374000E071294341F48001CCF8001070E70000DB
:10375000B0B582B000284FF00001019141D0016E58
:1037600039B9044600F034F920460021616684F836
:103770005C1001688A6892004FF6C072C5F6FF724D
:1037800002D58B6813408B608B68DB001CD48B6880
:1037900002F180521A4042F6635342F080528A602E
:1037A00040F20C52C0F23E53C2F20042126892093B
:1037B000A2FB0323012202EB931200BF0192019AA4
:1037C00012B1019A013AF9E78A68D2000BD4026E6D
:1037D000012442F010020266426E42F0010242668B
:1037E00002E00124EFE000248A68036E03F0100376
:1037F00002F00402D218026E36D122F4817246F22F
:10380000000C023202668A68C5F6020CD20722D189
:1038100042F2001341F48072C4F202039A4242F26F
:103820000002C4F202022DD19368D2F808512B4352
:10383000DB0710D102F580739942634608BF134637
:10384000914208BF0B464268D3F8085325F47C1513
:103850002A43C3F80823427EC36B614543EA4233DF
:1038600006D082681A431BE042F010010124A9E04F
:10387000D0E90225082A0CD00C2A08D01C2A0AD12B
:1038800010220BE0DCF80830DB07D3D0E3E7082296
:1038900004E0002202E0182A18BF00222A431A433B
:1038A00090F82030012B42EA034306D1426A0025FA
:1038B000CFF6FE7505EB42421343826A22B102F451
:1038C0007872C56A2A431343614508D04CF2030558
:1038D000CA68CFF6F0752A401A43CA600EE044F277
:1038E0000705DCF80C20CFF6F0752A401A43CA60B1
:1038F0000A69436B22F040621A430A618A688B6846
:1039000002F0040203F00803D2184CD1027E614594
:103910004FEA823202D0036B1A4303E090F838304A
:1039200042EA4302CB6844F20305AB431A43CA6040
:1039300090F84420012A17D14FF61E026145CFF6B8
:10394000004215D00B6903EA020E0122D0E91235BC
:10395000CFF6FF7202EB034245EA0E03056D1A43F0
:10396000436D2A431A4310E00A6922F001020CE079
:10397000DCF810301A40D0E912351A43036D2A439F
:10398000456D1A432A4342F001020A6161450A6902
:10399000036C22F0704242EA03020A6103D005463A
:1039A000FCF752FF2846016802690B6B012A23F0DD
:1039B0000F0202D1C369013B1A430A630122016E5F
:1039C00062F301010166204602B0B0BD00000000B4
:1039D000B0B5B6B0044602A8B8210025CDE93455EB
:1039E000CDE932553195FCF762FE42F200012068C4
:1039F000C4F20201884201D036B0B0BD4FF40020BD
:103A000002900220049010240395CDE90540CDE9F1
:103A10000700C0200B95CDE9090502A82A9503F0FF
:103A200007FB08B1FEF7ECFE44F2D840C5F60200F1
:103A3000016841F020010160016801F0200101915D
:103A40000199816841F004018160806831A900F02A
:103A5000040001900198032032900020339040F63A
:103A60000000C5F60200319402F062FD36B0B0BD30
:103A70002DE9F041044602F037FE14B3054694F8F0
:103A80003500022820D140F20F472668C4F2020711
:103A900040F26F48BE426FF00E00C4F2020817DC1D
:103AA0006F21C4F202018E4223DC3F21C4F20201E5
:103AB0008E4239DC1021C4F202018E4258D02821F6
:103AC00051E00120BDE8F08180206065012037E2EF
:103AD00046451ADC40F23F41C4F202018E422ADC24
:103AE00040F21041C4F202018E4241D040F228411E
:103AF00039E09F21C4F202018E4225DC7021C4F21C
:103B000002018E4234D088212DE040F29F41C4F260
:103B100002018E421FDC40F27041C4F202018E426B
:103B200026D040F288411EE04021C4F202018E42BC
:103B30001ED0582117E040F24041C4F202018E42EB
:103B400016D040F258410EE0A021C4F202018E428C
:103B50000ED0B82107E040F2B841C4F202018E4213
:103B600006D040F2A041C4F202018E42314607D194
:103B70003146306820F01E0041F8140B6FF08000D1
:103B80000A68464500EA0200086019DC9F20C4F27A
:103B90000200864231DC5720C4F20200864256DC25
:103BA0001020C4F20200864200F091802820C4F266
:103BB0000200864200F08B804020C4F2020084E0C4
:103BC00045F22F40C5F6020086422BDC40F2B7409A
:103BD000C4F20200864248DC40F27040C4F20200A7
:103BE000864274D040F28840C4F2020086426ED011
:103BF00040F2A040C4F2020067E040F22740C4F265
:103C00000200864240DCA020C4F2020086425ED060
:103C1000B820C4F20200864259D040F21040C4F2EB
:103C2000020052E045F26B40C5F6020086423CDCE1
:103C300045F23040C5F60200864248D045F2444085
:103C4000C5F60200864242D045F258403BE058207B
:103C5000C4F2020086423AD07020C4F202008642CA
:103C600035D08820C4F202002FE040F2B840C4F200
:103C7000020086422BD045F20840C5F6020086427B
:103C800025D045F21C401EE040F22840C4F202005C
:103C900086421CD040F24040C4F20200864216D058
:103CA00040F25840C4F202000FE045F26C40C5F605
:103CB000020086420BD045F29440C5F602008642CF
:103CC00005D045F28040C5F60200864204D1206E40
:103CD000016821F480710160306820F001003060DB
:103CE0003068C0070BD002F0FFFC401B0628F7D35A
:103CF00020206065032084F83500012020E1206841
:103D00000821B8424FF03F0210DC6F23C4F20203D7
:103D100098421CDC3F23C4F20203984232DC102399
:103D2000C4F20203984251D028234AE040451ADCED
:103D300040F23F43C4F2020398422ADC40F21043AF
:103D4000C4F20203984241D040F2284339E09F2355
:103D5000C4F20203984225DC7023C4F202039842A5
:103D600034D088232DE040F29F43C4F202039842EE
:103D70001FDC40F27043C4F20203984226D040F2A6
:103D800088431EE04023C4F2020398421ED0582309
:103D900017E040F24043C4F20203984216D040F2CA
:103DA00058430EE0A023C4F2020398420ED0B82379
:103DB00007E040F2A043C4F20203984206D040F26A
:103DC000B843C4F20203984240F0BF80D4E91637EA
:103DD00007F01F07404502FA07F25A5019DC9F21ED
:103DE000C4F20201884231DC5721C4F20201884248
:103DF00056DC1021C4F20201884200F09180282193
:103E0000C4F20201884200F08B804021C4F202011A
:103E100084E045F22F41C5F6020188422BDC40F2D6
:103E2000B741C4F20201884248DC40F27041C4F25A
:103E30000201884274D040F28841C4F202018842F3
:103E40006ED040F2A041C4F2020167E040F2274187
:103E5000C4F20201884240DCA021C4F2020188427F
:103E60005ED0B821C4F20201884259D040F210411C
:103E7000C4F2020152E045F26B41C5F602018842EC
:103E80003CDC45F23041C5F60201884248D045F29B
:103E90004441C5F60201884242D045F258413BE018
:103EA0005821C4F2020188423AD07021C4F20201C2
:103EB000884235D08821C4F202012FE040F2B84197
:103EC000C4F2020188422BD045F20841C5F6020136
:103ED000884225D045F21C411EE040F22841C4F240
:103EE000020188421CD040F24041C4F202018842E3
:103EF00016D040F25841C4F202010FE045F26C4185
:103F0000C5F6020188420BD045F29441C5F6020184
:103F1000884205D045F28041C5F6020188420BD1A6
:103F2000616EA26EE06E4A6030B1016821F480716A
:103F30000160D4E91C014160012084F835000020B3
:103F4000002184F83410BDE8F081042101223DE70E
:103F5000F0B190F83510022918D180B540F20F4227
:103F60000168C4F20202914214DC6F23C4F202031E
:103F7000994224DC3F23C4F2020399423ADC102325
:103F8000C4F20203994258D0282352E080214165AF
:103F90000120704740F26F43C4F2020399421ADCD9
:103FA00040F23F43C4F2020399422ADC40F210433C
:103FB000C4F20203994240D040F2284339E09F23E3
:103FC000C4F20203994225DC7023C4F20203994231
:103FD00033D088232DE040F29F43C4F2020399427C
:103FE0001FDC40F27043C4F20203994225D040F234
:103FF00088431EE04023C4F2020399421DD0582397
:1040000017E040F24043C4F20203994215D040F257
:1040100058430EE0A023C4F2020399420DD0B82306
:1040200007E040F2B843C4F20203994205D040F2DF
:10403000A043C4F2020399426ED191424FF00402B0
:1040400080F8352010DC6F20C4F20200814220DCB1
:104050003F20C4F20200814236DC1020C4F202008C
:10406000814253D028204EE040F26F40C4F202005B
:1040700081421ADC40F23F40C4F2020081422ADC55
:1040800040F21040C4F2020081423FD040F228408A
:1040900039E09F20C4F20200814225DC7020C4F286
:1040A0000200814232D088202DE040F29F40C4F2CD
:1040B000020081421FDC40F27040C4F202008142E3
:1040C00024D040F288401EE04020C4F20200814229
:1040D0001CD0582017E040F24040C4F20200814258
:1040E00014D040F258400EE0A020C4F202008142F9
:1040F0000CD0B82007E040F2B840C4F20200814280
:1041000004D040F2A040C4F202008142086820F0CE
:1041100001000860002080BD0A6822F00E020A60DB
:1041200045F25742C5F6020291420A6822F00102A6
:104130000A600EDC45F22F42C5F60202914217DCFE
:1041400045F20842C5F60202914226D045F21C42D1
:104150001FE045F27F42C5F60202914211DC45F2B2
:104160005842C5F60202914217D045F26C4210E067
:1041700045F23042C5F6020291420ED045F2444269
:1041800007E045F29442C5F60202914205D045F29D
:104190008042C5F6020291421AD1D0E9181CD0E93A
:1041A00016E30A6822F480720A6003F01F010122FC
:1041B00002FA01F1CEF80410816ECCF80410C16E41
:1041C00031B10A6822F480720A60D0E91C124A6098
:1041D000012180F83510016D0022002980F834207B
:1041E00098D08847002080BD406D704700000000D7
:1041F00090F83500704700002DE9F04381B00021B0
:10420000009140F20C5148F2B513C2F20041C1F6E0
:104210004E33856D40F26F490A680168C4F20209A5
:104220002E68A2FB032849452B6815DC9F22C4F2A7
:10423000020291422BDC5722C4F2020291424FDC6F
:104240001022C4F20202914278D02822C4F2020263
:10425000914273D040226CE045F22F42C5F6020233
:10426000914227DC40F2B742C4F20202914243DCA1
:1042700040F27042C4F2020291425FD040F28842A2
:10428000C4F20202914259D040F2A04251E040F201
:104290002742C4F2020291423DDCA022C4F2020293
:1042A00091424BD0B822C4F20202914246D040F271
:1042B00010423EE045F26B42C5F60202914275DCC7
:1042C00045F23042C5F60202914200F0828045F28A
:1042D0004442C5F6020291427BD045F2584273E057
:1042E0005822C4F20202914228D07022C4F2020283
:1042F000914223D088221CE040F2B842C4F202026C
:1043000091421BD045F20842C5F60202914260D0AC
:1043100045F21C4258E040F22842C4F202029142A7
:104320000CD040F24042C4F20202914206D040F268
:104330005842C4F20202914240F02D84C26D08231B
:1043400002F01F029340334200F0168140F20F4406
:10435000C4F20204A1424FF0040413DC6F27C4F23C
:104360000207B94200F391803F27C4F20207B94225
:1043700000F3D2801027C4F20207B94200F0F080A7
:104380002827E8E0494500F38C8040F23F47C4F21B
:104390000207B94200F3C78040F21047C4F2020797
:1043A000B94200F0DD8040F22847D4E045F26C428B
:1043B000C5F6020291420CD045F28042C5F60202D7
:1043C000914206D045F29442C5F60202914240F075
:1043D000E2830E68C26D02F01F02042707FA02F49E
:1043E0001C4218BF16F004072CD1022707FA02F46A
:1043F0001C4218BF16F0020762D1D3401B0740F1E0
:10440000CA8316F0080300F0C68340F20F43C4F2DB
:10441000020399426FF01C0300F318836F27C4F264
:104420000207B94200F354833F27C4F20207B9429E
:1044300000F3B4831027C4F20207B94200F0D3831B
:104440002827CAE332046C605ED4B20600F1A1836F
:1044500040F20F42C4F2020291426FF0080200F3F0
:10446000E3826F23C4F20203994200F302833F23E5
:10447000C4F20203994200F347831023C4F20203FB
:10448000994200F0838328237AE39F27C4F202072E
:10449000B94251DC7027C4F20207B94260D08827C4
:1044A00059E040F29F47C4F20207B9424BDC40F2A8
:1044B0007047C4F20207B94252D040F288474AE03E
:1044C00032046C6000F19C82B20600F1CF8340F2AE
:1044D0000F42C4F2020291426FF0140200F3D6823E
:1044E0006F23C4F20203994200F315833F23C4F201
:1044F0000203994200F38C831023C4F20203994211
:1045000000F0AB832823A2E3F10300F14283816C26
:10451000002940F079833EE34027C4F20207B94204
:104520001ED0582717E040F24047C4F20207B942B4
:1045300016D040F258470EE0A027C4F20207B94255
:104540000ED0B82707E040F2A047C4F20207B942F4
:1045500006D040F2B847C4F20207B94218BF082497
:104560000F68274208D00F6827F004070F60AB6080
:10457000436D43F0010343650123934033426FD001
:1045800040F20F47C4F20207B94210DC6F27C4F2B1
:104590000207B9421CDC3F27C4F20207B94232DCF1
:1045A0001027C4F20207B94251D028274AE04945F2
:1045B0001ADC40F23F47C4F20207B9422ADC40F25B
:1045C0001047C4F20207B94241D040F2284739E00F
:1045D0009F27C4F20207B94225DC7027C4F2020704
:1045E000B94234D088272DE040F29F47C4F2020739
:1045F000B9421FDC40F27047C4F20207B94226D02C
:1046000040F288471EE04027C4F20207B9421ED09C
:10461000582717E040F24047C4F20207B94216D0CB
:1046200040F258470EE0A027C4F20207B9420ED06C
:10463000B82707E040F2B847C4F20207B94206D0F3
:1046400040F2A047C4F20207B94240F0E1814F694D
:1046500007F0800424B1AB60436D43F0020343656F
:104660000423934033426FD040F20F47C4F2020755
:10467000B94210DC6F27C4F20207B9421CDC3F27A5
:10468000C4F20207B94232DC1027C4F20207B94271
:1046900051D028274AE049451ADC40F23F47C4F28E
:1046A0000207B9422ADC40F21047C4F20207B942BD
:1046B00041D040F2284739E09F27C4F20207B942AF
:1046C00025DC7027C4F20207B94234D088272DE0D8
:1046D00040F29F47C4F20207B9421FDC40F2704724
:1046E000C4F20207B94226D040F288471EE04027B4
:1046F000C4F20207B9421ED0582717E040F24047E3
:10470000C4F20207B94216D040F258470EE0A02783
:10471000C4F20207B9420ED0B82707E040F2B8470A
:10472000C4F20207B94206D040F2A047C4F2020721
:10473000B94240F073810F6807F0020424B1AB6006
:10474000436D43F004034365102303FA02F232423F
:104750007ED040F20F43C4F2020399424FF00803A7
:1047600010DC6F27C4F20207B9421CDC3F27C4F2F9
:104770000207B94232DC1027C4F20207B94251D015
:1047800028274AE049451ADC40F23F47C4F20207B5
:10479000B9422ADC40F21047C4F20207B94241D0C4
:1047A00040F2284739E09F27C4F20207B94225DCCE
:1047B0007027C4F20207B94234D088272DE040F2B6
:1047C0009F47C4F20207B9421FDC40F27047C4F2AF
:1047D0000207B94226D040F288471EE04027C4F2C3
:1047E0000207B9421ED0582717E040F24047C4F2F2
:1047F0000207B94216D040F258470EE0A027C4F293
:104800000207B9420ED0B82707E040F2A047C4F231
:104810000207B94206D040F2B847C4F20207B942D3
:1048200018BF04230F681F4212D0AA600A685203FF
:104830000A6806D4D20506D40A6822F008020A6083
:1048400001E0110352D4016C11B10446884720469F
:10485000C16D01F01F02202101FA02F3334200F082
:10486000A68040F20F470168C4F202071026B94241
:1048700010DC6F27C4F20207B9421CDC3F27C4F2E8
:104880000207B94236DC1027C4F20207B94255D0FC
:1048900028274EE049451ADC40F23F47C4F20207A0
:1048A000B9422EDC40F21047C4F20207B94245D0AB
:1048B00040F228473DE09F27C4F20207B94229DCB5
:1048C0007027C4F20207B94238D0882731E040F29D
:1048D0009F47C4F20207B94223DC40F27047C4F29A
:1048E0000207B9422AD040F2884722E0816C0029B1
:1048F000ABD1ADE74027C4F20207B9421ED058271A
:1049000017E040F24047C4F20207B94216D040F225
:1049100058470EE0A027C4F20207B9420ED0B827CC
:1049200007E040F2A047C4F20207B94206D040F2C5
:10493000B847C4F20207B94218BF02260F683742CF
:1049400035D0AB6090F83530042B0B6816D123F0CE
:1049500016030B604B6923F080034B61036C0BB9AA
:10496000836C1BB10B6823F008030B603F2191405F
:10497000A960012180F83510016D3FE15A030A68F2
:104980000CD4D2050ED40A6822F010020A6001216C
:1049900080F83510002180F8341003E0110301D4B1
:1049A000416C00E0C16B11B1044688472046416D5F
:1049B000002900F0F080416DC9071CD0042180F867
:1049C000351001684FEA98220B6823F001030B6051
:1049D000009B01330093934202D80B68DB07F7D1A9
:1049E0000968C9074FF0030108BF012180F835109D
:1049F000002180F83410C16C002940F00581CAE024
:104A0000F10300F13381416C002940F0FD80C2E0E8
:104A100000240F68002C7FF41EAE21E600240F68EE
:104A2000002C7FF48CAE8FE6494542DC40F23F43D8
:104A3000C4F2020399427CDC40F21043C4F2020348
:104A4000994200F0A38040F2284399E049454CDCAC
:104A500040F23F47C4F20207B94200F3A68040F299
:104A60001047C4F20207B94200F0BD8040F2284767
:104A7000B3E09F23C4F20203994263DC7023C4F2C3
:104A80000203994200F08280882379E0494560DC86
:104A900040F23F43C4F20203994200F3C08040F267
:104AA0001043C4F20203994200F0D78040F2284339
:104AB000CDE040F29F43C4F20203994258DC40F239
:104AC0007043C4F20203994260D040F2884357E039
:104AD0009F27C4F20207B94270DC7027C4F20207B4
:104AE000B94200F08080882777E040F29F47C4F207
:104AF0000207B94269DC40F27047C4F20207B942CA
:104B000071D040F2884768E04023C4F20203994222
:104B10003CD0582334E09F23C4F20203994200F3AF
:104B200087807023C4F20203994200F096808823A4
:104B30008DE040F24043C4F20203994226D040F295
:104B400058431DE0A023C4F2020399421ED0B823AB
:104B500016E040F29F43C4F2020399426FDC40F238
:104B60007043C4F20203994277D040F288436EE06A
:104B700040F2A043C4F20203994207D040F2B84386
:104B8000C4F20203994218BF6FF004020B681A4086
:104B90000A60016CC1BB01B0BDE8F0834027C4F2DC
:104BA0000207B9421FD0582717E040F24047C4F22D
:104BB0000207B94217D040F258470EE0A027C4F2CE
:104BC0000207B9420FD0B82707E040F2A047C4F26D
:104BD0000207B94207D040F2B847C4F20207B9420F
:104BE00018BF6FF00E030F683B400B60012101FA04
:104BF00002F26A60416580F83510C16C00294FF0FF
:104C0000000280F83420C6D001B0BDE8F043084768
:104C10004023C4F2020399421FD0582317E040F208
:104C20004043C4F20203994217D040F258430EE0C9
:104C3000A023C4F2020399420FD0B82307E040F248
:104C4000A043C4F20203994207D040F2B843C4F231
:104C50000203994218BF6FF00A020B681A400A60FB
:104C6000012180F83510002180F83410C16B002933
:104C7000CAD190E7000000002DE9F041044601F0A0
:104C800033FDECB140F26F4805462068C4F20208DB
:104C9000404518DC9F21C4F2020188422EDC5721D6
:104CA000C4F20201884254DC1021C4F2020188429D
:104CB0007ED02821C4F20201884279D0402172E0DE
:104CC0000120BDE8F08145F22F41C5F6020188427E
:104CD00027DC40F2B741C4F20201884245DC40F2D1
:104CE0007041C4F20201884262D040F28841C4F2AD
:104CF000020188425CD040F2A04154E040F22741DA
:104D0000C4F20201884240DCA021C4F202018842C0
:104D10004ED0B821C4F20201884249D040F210417D
:104D200041E045F26B41C5F60201884200F3B880CC
:104D300045F23041C5F60201884200F0C38045F2D9
:104D40004441C5F60201884200F0BC8045F258415A
:104D5000B4E05821C4F20201884229D07021C4F283
:104D60000201884224D088211DE040F2B841C4F2FB
:104D7000020188421CD045F20841C5F60201884272
:104D800000F0A08045F21C4198E040F22841C4F2B6
:104D9000020188420CD040F24041C4F20201884234
:104DA00006D040F25841C4F20201884240F0CE8061
:104DB000022184F83510002184F83410016821F0B4
:104DC0000101016020680168C9070CD001F08CFC6A
:104DD000401B0628F6D320206065032084F83500A8
:104DE0000120BDE8F08148F23F0204F108070168A4
:104DF000CFF61062114066698CCF1143D4F818C009
:104E00001943E3693943276A0E43616A334304292E
:104E100043EA070343EA0C0303D1D4E90B76374393
:104E20003B436568A5F12906292E00F2A1800127E0
:104E3000DFE806F01515151515159E9E9E9E9E9E83
:104E40009E9E9E9E9E9E9E9E9E9E151515159E9EA6
:104E50009E9E15159E9E9E9E9E9E15151515002FB5
:104E600018BF43F4801304290360426922F007024B
:104E700041EA020140F09080D4E90A53002B41EA54
:104E8000050100F08980BCF5005F61D0BCF1000F26
:104E90006AD1022D74D0012D60D0002D70D072E047
:104EA00045F26C41C5F6020188420BD045F28041C3
:104EB000C5F60201884205D045F29441C5F60201CB
:104EC000884243D104F1080E022184F835100021F4
:104ED00084F834100168A3699EE80450A2F18005AB
:104EE000E769B5FA85F566696D09402A4FEA8535A7
:104EF00043EA07026FF3101142EA060208BF1025C9
:104F000041EADC0142EA0E022943236A41EAD20166
:104F10004AF6F832CAF2FD724CF6CD470244CCF69E
:104F2000CC4741EA1311A2FB072301606FF0030095
:104F300000EA9300E0652046FDF756F9E16D012295
:104F400001F01F0102FA01F1416030E0402043E727
:104F5000032D18D8DFE805F00A140A02A3F1C07285
:104F6000B2FA82F252090FE0032D08D201220BE0BF
:104F700025F00302743AB2FA82F257096FE702D1C0
:104F8000C3F3006200E0002232B1402060650120DE
:104F900084F83500BDE8F08141612046FDF724F931
:104FA000E16D3F2201F01F0102FA01F181602068EA
:104FB000404519DC9F21C4F20201884231DC5721AF
:104FC000C4F20201884256DC1021C4F20201884278
:104FD00000F092802821C4F20201884200F08C8007
:104FE0004021C4F2020184E045F22F41C5F60201DE
:104FF00088422BDC40F2B741C4F20201884248DC0F
:1050000040F27041C4F20201884275D040F28841FA
:10501000C4F2020188426FD040F2A041C4F2020102
:1050200067E040F22741C4F20201884240DCA0213F
:10503000C4F2020188425FD0B821C4F20201884262
:105040005AD040F21041C4F2020152E045F26B41E5
:10505000C5F6020188423CDC45F23041C5F602014A
:10506000884249D045F24441C5F60201884243D006
:1050700045F258413BE05821C4F2020188423BD03E
:105080007021C4F20201884236D08821C4F20201A4
:105090002FE040F2B841C4F2020188422CD045F220
:1050A0000841C5F60201884226D045F21C411EE0A7
:1050B00040F22841C4F2020188421DD040F2404132
:1050C000C4F20201884217D040F25841C4F20201F2
:1050D0000FE045F26C41C5F6020188420CD045F262
:1050E0009441C5F60201884206D045F28041C5F6DA
:1050F0000201884240F0D08045F2574C45F6FC0E44
:10510000C5F6020CC5F6020E60450EDC45F22F43D3
:10511000C5F60203984217DC45F20843C5F60203C0
:10512000984226D045F21C431FE045F27F43C5F666
:105130000203984211DC45F25843C5F60203984237
:1051400017D045F26C4310E045F23043C5F6020338
:1051500098420ED045F2444307E045F29443C5F629
:105160000203984205D045F28043C5F602039842F7
:1051700050D100F0FC034CF6CD47083BCCF6CC47B1
:10518000A3FB0737AEF1FC05AEF17C063B0905EB4E
:1051900083022266A26803F01F030127802A666645
:1051A00007FA03F2A26601D1002262606368A56E6D
:1051B000D4E91826DFB2591E07291760756015D883
:1051C0007E1E072E62D860450EF1440213DC45F2C4
:1051D0002F41C5F6020188423CDC45F20841C5F684
:1051E000020188424BD045F21C4144E00020606738
:1051F000C4E91B0050E045F27F41C5F60201884238
:1052000031DC45F25841C5F60201884237D045F2FB
:105210006C4130E000F0F8034AF6AB27103BCAF6C9
:10522000AA27A3FB073740F20F43C4F20203082565
:105230003E09984203F1AA02334688BF05EB1713D3
:1052400040F600059042C4F2020528BF334605F13E
:1052500080069CE745F23041C5F6020188420ED037
:1052600045F2444107E045F28041C5F6020188421B
:1052700005D045F29441C5F60201884213D10EEBE8
:105280008300E06601202267B040606704F16C0291
:10529000002307CA03604A6000206065012184F88A
:1052A0003510BDE8F08140F60000C4F2020000F1C4
:1052B000FC0E00F5A072E2E730B110B590F8344072
:1052C000012C03D1022010BD01207047012480F879
:1052D000344090F83540012C2BD1022480F8354021
:1052E00000244465D0F800C0DCF8004024F001043C
:1052F000CCF800400446FDF703F840F20F4C20685C
:10530000C4F2020C40F26F416045C4F2020118DCA5
:105310006F23C4F20203984224DC3F23C4F2020349
:1053200098423ADC1023C4F20203984259D0282351
:1053300052E04FF400614165002180F834100120F3
:1053400010BD88421ADC40F23F43C4F20203984287
:105350002ADC40F21043C4F20203984241D040F2EA
:10536000284339E09F23C4F20203984225DC7023CE
:10537000C4F20203984234D088232DE040F29F43C8
:10538000C4F2020398421FDC40F27043C4F20203ED
:10539000984226D040F288431EE04023C4F2020324
:1053A00098421ED0582317E040F24043C4F2020353
:1053B000984216D040F258430EE0A023C4F20203F4
:1053C00098420ED0B82307E040F2B843C4F202037B
:1053D000984206D040F2A043C4F20203984240F043
:1053E000238103680B2262F344030360226C1AB129
:1053F000082302681A430260884219DC9F22C4F223
:105400000202904231DC5722C4F20202904256DC82
:105410001022C4F20202904200F091802822C4F2CD
:105420000202904200F08B804022C4F2020284E02B
:1054300045F22F42C5F6020290422BDC40F2B74201
:10544000C4F20202904248DC40F27042C4F202020E
:10545000904274D040F28842C4F2020290426ED070
:1054600040F2A042C4F2020267E040F22742C4F2D6
:105470000202904240DCA022C4F2020290425ED0BE
:10548000B822C4F20202904259D040F21042C4F253
:10549000020252E045F26B42C5F6020290423CDC49
:1054A00045F23042C5F60202904248D045F24442ED
:1054B000C5F60202904242D045F258423BE05822E3
:1054C000C4F2020290423AD07022C4F20202904228
:1054D00035D08822C4F202022FE040F2B842C4F272
:1054E000020290422BD045F20842C5F602029042D9
:1054F00025D045F21C421EE040F22842C4F20202CE
:1055000090421CD040F24042C4F20202904216D0B7
:1055100040F25842C4F202020FE045F26C42C5F676
:10552000020290420BD045F29442C5F6020290422C
:1055300005D045F28042C5F6020290426ED1236E3C
:105540001A68D20303D51A6842F480721A60E36EB7
:105550001BB11A6842F480721A60604510DC6F213A
:10556000C4F2020188421CDC3F21C4F202018842DD
:1055700032DC1021C4F2020188424FD028214AE0D7
:1055800088421ADC40F23F41C4F2020188422ADC20
:1055900040F21041C4F2020188423FD040F228415B
:1055A00039E09F21C4F20201884225DC7021C4F257
:1055B0000201884232D088212DE040F29F41C4F29E
:1055C000020188421FDC40F27041C4F202018842AD
:1055D00024D040F288411EE04021C4F202018842FA
:1055E0001CD0582117E040F24041C4F20201884229
:1055F00014D040F258410EE0A021C4F202018842CA
:105600000CD0B82107E040F2B841C4F20201884250
:1056100004D040F2A041C4F202018842016841F086
:1056200001010160002010BD0268052363F34302FD
:105630000260226C002A3FF4DFAE0423D9E60000AA
:10564000B0B5044601F050F840F2D4710546C2F2FC
:105650000041621C097818BF0C4400BF01F044F8F7
:10566000401BA042FAD3B0BD90F89830013B012B0B
:105670000BD80068836D0B420CD0836D0B408B42BE
:105680000CD1C36D43F0020309E000F19C0101203D
:10569000022221E0C36D43F0010300E00323C36550
:1056A0008B0504D5D0F8E0301343C0F8E0304B054B
:1056B00004D5D0F8E4301A43C0F8E4204FF6FF7266
:1056C000436DC3F6CF720A401A4342658A0F4AF609
:1056D00014010020C4F200010B681A430A607047ED
:1056E00090F89830022B1BD1B0B50368D3F8C050A6
:1056F00015F07C5F1CD0D3F8C450AD021DD4D3F894
:10570000C4300546C3F304442346FDF729FA28684C
:105710000121A140C0F8D0100020C5F89410B0BD00
:10572000D0F89C1041F00801C0F89C10012070478F
:10573000D0F89C1041F0200103E0D0F89C1041F417
:105740000071C0F89C100120B0BD000000000000F6
:10575000704700000000000090F89830012B0ED137
:10576000012900684FEA026211D0C9B9D0F8F010DF
:1057700021F07C511143C0F8F01000207047D0F8A0
:105780009C1041F00401C0F89C1001207047D0F833
:10579000A01021F0FE411143C0F8A0100020704776
:1057A000D0F8B01021F0FE411143C0F8B010002035
:1057B000704700000000000090F89820013A012A8C
:1057C0000BD880B50A68002ACA680ED00B69072A70
:1057D00043EA427E16D18B6919E0D0F89C1041F063
:1057E0000201C0F89C1001207047072A18D10A69ED
:1057F000D1E906C3120442EA032242EA0C0242F053
:10580000605217E0D1F808C04B6943EA8C73006F0F
:10581000496800EBC10240F831E05360002080BDD0
:105820008B68D1E904CE9B0743EAC26242EA0C428C
:1058300042EA0E024968C06E40F82120002080BD77
:1058400090F898C0BCF1010F0DD19200006842EAB7
:105850000111DDF800C041EA430141EA0C01C0F842
:10586000801000207047D0F89C1041F00401C0F86F
:105870009C100120704700007047000000000000ED
:10588000704700000000000070B590F89850022D9D
:1058900011D1402914D10468D4F8A05015F4FE0F9A
:1058A0002BD0D4F8A4506D062CD0D4F8A450ED0120
:1058B00030D4002531E0D0F89C1041F0080125E0FB
:1058C00041290FD10468D4F8B05015F4FE0F14D05C
:1058D000D4F8B4506D0615D0D4F8B450ED0126D4E8
:1058E000002527E0056DA94207D200F17C04D0F81D
:1058F00054E04FF0000C0D4626E0D0F89C1041F02B
:10590000200103E0D0F89C1041F48071C0F89C1095
:10591000012070BDD4F8A050ED0FD4F8A440C4F31A
:10592000052404EB050E00F17404456C0BE0D4F87B
:10593000B050ED0FD4F8B440C4F3052404EB050EC9
:1059400000F17804C56CF44605FB0EFE256855F899
:105950002E4014F08044546055F82E4024F06046E8
:1059600008BFC4F38A46166055F82E4004F0005470
:10597000946005EB8E0455F82E6006F00046166123
:10598000A688D661E68816F00F06D660666806F42B
:1059900080165661666806F400169661E67906F090
:1059A0007F06166266684FEAD67656620ED048F2D7
:1059B000807E04F108050024C0F6010E2E5D1E5500
:1059C0000134D6681EF80660B442F7D3402904D1EA
:1059D0000068C0F8A8C0002070BD412904D100684B
:1059E000C0F8B8C0002070BD1F2907D80068012288
:1059F00002FA01F1C0F89810002070BD006801F0B3
:105A00001F01012202FA01F1C0F89C10002070BDB4
:105A100070470000000000002DE9F04F87B00446F9
:105A20004AF61000C4F2000001684AF61400C4F2FD
:105A30000000026820680A40D0F850B0D0F85490B6
:105A4000056D466D036D0293436D0193036D0693DF
:105A5000436D0593036D0493436D0393D0F854A0F5
:105A6000D0F850805FEACA5310D518F480710DD079
:105A70004FF4807101654AF610010020C4F2000164
:105A8000174608602046FFF7C3FF3A460BEA090BAA
:105A90004AF610095FEA4A50C4F200094FEA8277D9
:105AA0001AD518F4806017D020689146D0F8DC1021
:105AB000D0F8E42011404FF4806202654AF61002EB
:105AC000C4F2000200201060204600F021FD4A468A
:105AD0004AF61009C4F2000905EA06050BF47046FF
:105AE00057B120680021016502F00300C9F80000E9
:105AF00020463946FFF72CFEDDE9011000EA0107D8
:105B000005F00F0546B12068314606650020C9F84A
:105B10000000204600F004FD07F0F00645B12068C3
:105B2000294605650020C9F80000204600F0D0FB9A
:105B300046B12068314606650020C9F800002046BD
:105B400000F0AEFC5FEA0A500CD518F4006009D0F2
:105B500020684FF4006101650020C9F8000020466C
:105B600000F0E2FC5FEA8A5011D518F400700ED004
:105B70002068D0F8D810D0F8E02011404FF400721F
:105B800002650020C9F80000204600F0C5FC5FEA6D
:105B90000A300CD518F4002009D020684FF40021F9
:105BA00001650020C9F80000204600F08DFB5FEA87
:105BB000CA300CD518F4803009D020684FF48031F9
:105BC00001650020C9F80000204600F09DFC5FEA56
:105BD0004A30DDE9031000EA01050CD518F48020F5
:105BE00009D020684FF4802101650020C9F8000029
:105BF000204600F085FC5FEA8A30DDE9051000EA06
:105C0000010005F060710FD518F400320CD0226845
:105C10004FF4003313650022C9F80020D4F89C200B
:105C200042F08002C4F89C2000F0715539B1206820
:105C300001650020C9F800002046FFF721FE4DB1A4
:105C4000206805650020C9F80000D4F89C002843AE
:105C5000C4F89C002068A9F50161884209D0D4F8F5
:105C60009C00002868D0204607B0BDE8F04FFFF741
:105C700003BE606881688907F1D0016A426A036ADD
:105C8000476A114003EA070202F03005D0F820808D
:105C9000D0F82490D0F820B0466A026A069211F03B
:105CA0000F01426A0592D0F824A0026A049203D040
:105CB0000162204600F018FC08EA09072DB160686F
:105CC00029460562204600F017FC5FEA4A6006EAB2
:105CD0000B0607F4C0750ED5049810F040000AD0EA
:105CE00060684023C16BC26B090C02F03F02036283
:105CF000204600F0FDFBDDE9051000EA010706F48F
:105D0000FC462DB1606829460562204600F0E8FB9C
:105D100007F4F02036B161680E62D4F89C1031436C
:105D2000C4F89C1000289AD061680862D4F89C10CE
:105D30000843C4F89C0092E707B0BDE8F08F00006C
:105D400040B32DE9F04F83B04AF200080446C4F294
:105D500000080068404502D108F58070606094F842
:105D6000980028B9002084F89900204600F0CCF96A
:105D70002068816921F01001816100F0B5FC0546C1
:105D800020688169090707D500F0AEFC401B0B288D
:105D9000F6D312E001207047816941F00101816171
:105DA00000F0A2FC054600BF20688169C90711D137
:105DB00000F09AFC401B0B28F6D30120D4F89C106D
:105DC0000843C4F89C00032084F89800012003B025
:105DD000BDE8F08F816941F002018161217C826917
:105DE00022F04002012918BF40328261617C826941
:105DF00022F48042012908BF02F580428261A17C21
:105E0000826922F48052012918BF02F58052826112
:105E1000816921F44073D4E902120B4383618369E1
:105E200023F0A4038361036923F0100303619AB193
:105E3000012A0DD0022A09D08369032A43F0800386
:105E40008361036943F01002026105D1202200E062
:105E5000042283691A438261D4E90572E369561EFC
:105E60006FF0FF02256A02EB0323B1F5407F43EA9E
:105E70004663A5F1010646EA030640F20003CFF6A9
:105E8000FF7303EB074746EA0701C16110D1D4E96C
:105E90000B65D4E90917013F02EB06226FF00F06EC
:105EA0003A4306EB05173A4303EB01411143C16046
:105EB000236E2BB1616ED0F8C0201143C0F8C01022
:105EC000E16DCDE90113D94248F2A031C0F60101DC
:105ED00009D0D0F8C820A36E22F0070251F8233071
:105EE0001A43C0F8C820D4F840C0BCF1000F09D054
:105EF000D0F8BC20636C22F0070251F823301A431B
:105F0000C0F8BC20D4F848B0BBF1000F0AD0D0F8DC
:105F1000BC20E36C22F0700251F8233042EA0312F5
:105F2000C0F8BC20D4F850A0BAF1000F0AD0D0F8C5
:105F3000BC20636D22F4E06251F8231042EA012193
:105F4000C0F8BC10404504D161688A6822F00302A1
:105F50008A600021C4F89410C4F89C10012184F8D0
:105F6000981004F13409D0F884104FF6FC72914374
:105F7000656C99E80C02009541EA8201C0F8841032
:105F8000D0F8841021F47F0141EA0341C0F8841065
:105F90009918D0F888306FF38F0343EA8103C0F873
:105FA0008830D0F8883023F4FE0343EA0943C0F870
:105FB000883001EB4903D0F8A0606FF38F0646EA02
:105FC0008306C0F8A060D0F8A06026F4FE0646EA7A
:105FD0000C46C0F8A06005FB0C36D0F8B0306FF36B
:105FE0008F0343EA8603C0F8B030D0F8B03023F412
:105FF000FE0343EA0B43C0F8B030E36CD0F8AC507A
:106000006FF38F0503FB0B6645EA8605C0F8AC50BD
:10601000D4F8548008FB0A65D0F8F0606FF38F065F
:1060200046EA8506C0F8F060D0F8F0E0A66D2EF4E0
:106030007C1747EA0647C0F8F070F70007EB8507C2
:10604000D0F8C0506FF38F052F43C0F8C070D0F860
:10605000C070009DDDF804E027F47C1705FB0CFC04
:106060004AF2000547EA0E47C0F8C070C4F20005C6
:1060700003FB0BC305F54067D0F8C05007EB820265
:1060800007EB810125F07C57029D47EA0567C0F8C0
:10609000C07001EBC90008FB0A372167A16E00EB55
:1060A0008C0C606700EB8303E266C4E91EC30EFB41
:1060B00001F300EB87006943C4F8800000EBC600E1
:1060C000C4F8840000EB8300C4F8880000EB810072
:1060D0004DF2FC31C4F20001C4F89000884201D9AD
:1060E00020206BE6824208D2002000BF42F8040B59
:1060F000D4F890108A42F9D369E6002003B0BDE8D5
:10610000F08F000000000000B0B5B6B0044602A851
:10611000B8210025CDE93455CDE932553195FAF74E
:10612000C6FA4DF200412068C4F20001884278D0DE
:106130004AF20041C4F20001884239D04AF200011B
:10614000C4F20001884240F0BC80002003904FF46C
:10615000004002904FF080501D9002A800F068FFB0
:1061600008B1FCF74DFB40F6301144F2E040C2F2BA
:106170000041C5F602000A68002A02F101020A6025
:1061800008D1C16841F48071C160C16801F48071B7
:10619000019101990168152441F00801016000682E
:1061A000132500F0080001900198092103226AE0FC
:1061B000002003904FF4004002904FF080501D905B
:1061C00002A800F035FF08B1FCF71AFB40F63011C9
:1061D00044F2E040C2F20041C5F602000A68002A1B
:1061E00002F101020A6008D1C16841F48071C16006
:1061F000C16801F48071019101990168162441F090
:10620000020101600068142500F00200019040F6D0
:1062100000400199C5F602000921A0F50060602246
:1062200035E04FF4004002904FF080501D9002A8DE
:10623000039500F0FDFE08B1FCF7E2FA40F63011DC
:1062400044F2E040C2F20041C5F602000A68002AAA
:1062500002F101020A6008D1C16841F48071C16095
:10626000C16801F48071019101990168A02441F095
:106270000801016000689F2500F0080001900521D9
:106280004FF44052019840F60040C5F602003591A7
:1062900031A93192022232920022CDE9332200F05C
:1062A00047F905210022284600F0EAFA284600F0C6
:1062B000D3FA05210022204600F0E2FA204600F041
:1062C000CBFA36B0B0BD00007047000000000000FF
:1062D000B0B548F6BC510446C2F20041884249D1EB
:1062E00049F2087548F6BC50C2F2004549F2007305
:1062F000C2F20040C2F2004340212A46FFF7C4FA2E
:10630000286840F20521884223D0122810D0112895
:1063100030D149F2007046F6F071C2F20040C2F28C
:106320000041FBF7ADFE49F2F460C2F200401EE00E
:1063300046F6F070C2F2004000F1380149F20070F8
:10634000C2F20040FBF79CFE49F2F860C2F2004046
:106350000DE049F2007046F6C871C2F20040C2F288
:106360000041FBF711FE49F2F060C2F20040016803
:106370000131016048F65C60C2F20040844245D1C0
:1063800049F2087549F20073C2F20045C2F20043B7
:1063900040212A46FFF778FA286840F20321884214
:1063A00023D0122810D0112830D149F2007044F6C1
:1063B000B021C2F20040C2F20041FBF761FE49F297
:1063C000E860C2F200401EE044F6B020C2F2004095
:1063D00000F1380149F20070C2F20040FBF750FEB4
:1063E00049F2EC60C2F200400DE049F2007044F660
:1063F0008821C2F20040C2F20041FBF7C5FD49F21C
:10640000E460C2F2004001680131016048F6FC60BE
:10641000C2F20040844200D0B0BD49F2087449F293
:106420000073C2F20044C2F2004340212246FFF74B
:106430002BFA206840F21321884222D0012811D083
:10644000002818BFB0BD49F2007048F2A451C2F252
:106450000040C2F20041FBF713FE49F2E060C2F2D5
:10646000004018E049F2007047F28021C2F200407B
:10647000C2F20041FBF704FE49F2DC60C2F20040C8
:1064800009E049F20070C2F200400DF0E9FA49F269
:10649000FC60C2F20040016801310160B0BD000043
:1064A000704700000000000090F8981001290CD1FE
:1064B000022180F8981001688A6922F001028A613D
:1064C0000021C0F89C1000207047D0F89C1041F0CB
:1064D0000401C0F89C10012070470000000000007B
:1064E000704700000000000070470000000000003E
:1064F000704700000000000070470000000000002E
:10650000704700000000000070470000000000001D
:10651000704700000000000070470000000000000D
:1065200070470000000000007047000000000000FD
:106530002DE9F04F83B00E68002E00F0C78000F107
:10654000264742F2004507F1FF77C5F602050A2209
:10655000A8424FEAB72500F1200308BF09220093A3
:10656000082D38BF4FEAB722002400274FF0000A59
:1065700001920AE00AF1010A0E6836FA0AF207F1FE
:10658000020704F1040400F0A180012202FA0AFBD0
:1065900016EA0B08EED0D1F80490032209F0030E9E
:1065A000AEF10106012E02FA07F610D8D0F808C0A5
:1065B000CD682CEA0602BD402A438260C9F300156B
:1065C000426822EA0B0205FA0AF52A434260BEF14C
:1065D000030F1FD0C2688D68B243BD40BEF1020FE9
:1065E00042EA0502C26015D16FF00302009D02EA83
:1065F0005A0B04F01C030F2255F80BC002FA03FEDD
:10660000D1F810902CEA0E0C09FA03F343EA0C03BC
:1066100045F80B3002684B68B24303F00306BE40F6
:1066200013F4403F42EA06020260A3D044F2F4436E
:1066300040F2084CC5F60203C5F6000C0F251A6897
:1066400042F002021A601A6802F0020202922AF074
:106650000302029B04F00C0352F80C609D40AE4311
:10666000019D05FA03F3334342F80C304FF0B04C70
:10667000DCF800204B6842EA0806DD0258BF22EA37
:1066800008069D02CCF8006040F2040CC5F6000C30
:10669000DCF8002042EA080658BF22EA08069D03FB
:1066A000CCF80060DCF8802042EA080658BF22EAF5
:1066B0000806DB03CCF88060DCF87C2042EA0806A0
:1066C00058BF22EA0806CCF87C6053E703B0BDE867
:1066D000F08F000000000000002A08BF090481615B
:1066E00070470000000000004EF26C00C2F2004053
:1066F000006870470000000040F2D4704EF26C0158
:10670000C2F20040C2F2004100780A6810440860FA
:10671000704700000000000080B5032000F0E0F8A2
:1067200001F016FB44F2184148F2A063C5F60201DD
:10673000C0F601030A68C2F303229A5C096801F0FB
:106740000F0102F01F02595CD04040F21052C2F219
:10675000004201F01F0120FA01F1116040F20C51DA
:10676000C2F2004108600F2000F00AF800281CBFA8
:10677000012080BD00F058F8002080BD000000001E
:106780000F2845D8B0B58AB004461C200022214607
:10679000002500F075F81C2000F05EF840F2D8707B
:1067A000C2F20040046044F2E840C5F6020001680D
:1067B00041F001010160006801A900F001000290B0
:1067C000029802A801F010FA079C002C18BF0124BF
:1067D00001F05EFA4DF68361A040C4F21B314FF028
:1067E000FF32A0FB010149F27000C2F200404FF0FD
:1067F0008043036002EB9141C0E9011540F2E731AB
:10680000C0E9031502F01CFA20B101200AB0B0BDA6
:106810000120704749F27000C2F2004002F094FA81
:106820000AB0B0BD0000000081B044F2F440002284
:10683000C5F60200016841F00201016000680F2105
:1068400000F0020000906FF00100009B01B000F02A
:1068500017B8000000000000002848BF704700F093
:106860001F01012202FA01F14EF20012C0F34A1098
:10687000CEF2000242F82010704700000000000035
:1068800070B54EF60C5C4FF0FF36CEF2000C00F106
:10689000604505F56445DCF80030C3F3022E8EF048
:1068A0000703042B28BF0423BEF1030406FA03F3F5
:1068B00021EA030100F00F0338BF0024043B002845
:1068C000634406FA04F048BF03F10C05A14022EA34
:1068D000000008430001287070BD000000000000A7
:1068E0004EF60C514FF6FF03CEF200010A681A4033
:1068F00060F30A2242F0806040F0FD70086070474B
:106900000DF0D2F800000000B0B544F60C05C5F655
:10691000020529684907296805D401F00701081A0A
:1069200018BF0120B0BD21F0070108432860FFF720
:10693000DBFE044655F8080C800407D4FFF7D4FEAC
:10694000001BB0F57A7FF5D90120B0BD0020B0BDA5
:1069500080B501F075F944F2204148F2A062C5F615
:106960000201C0F601020968C1F30211515C01F095
:106970001F01C84080BD000080B544F23041C5F61B
:10698000020151F8083C51F8082C51F804CCC2F32C
:10699000051E4A68BEF1000F18D0C2F3CC0203F006
:1069A000030300EE102A9FED381AB8EE400A20EEDD
:1069B000010A9FED361ADFE803F0021F0E0651F8B8
:1069C000302C92060AD49FED321A15E00021816026
:1069D000C0E9001180BD9FED2F1A0DE051F8302C59
:1069E00049F20003C0F2D033C2F3C10223FA02F22B
:1069F00001EE102AB8EE411A0A689FED273A6FF3AC
:106A00005F2202EE102A5FEACC7203FE000A03EE58
:106A100010EA0A68B8EE422AC2F34622B8EE433AB8
:106A2000013230EE020AB7EE002A81EE031A30EE90
:106A3000020A21EE000A01EE102AB8EE411A80EE99
:106A4000011ABCEEC11A80ED001A0A68C2F30642B0
:106A5000013201EE102AB8EE411A80EE011ABCEEA6
:106A6000C11A80ED011A0968C1F30661013101EE16
:106A7000101AB8EE411A80EE010ABCEEC00A10EE00
:106A8000101A816080BD00BF000000390024744AE4
:106A90000024744C001BB74B0000000000000000F5
:106AA00080B544F2384EC5F6020E5EF8103C5EF832
:106AB000101C5EF80C2CC1F3053CDEF80410BCF190
:106AC000000F18D0C9089FED3A1AD20601EAE27108
:106AD00003F003026FF35F3100EE101AB8EE400AC4
:106AE000DFE802F0021F0E1F5EF8381C89060AD488
:106AF0009FED311A15E000218160C0E9001180BDD1
:106B00009FED2C1A0DE05EF8381C49F20002C0F22D
:106B1000D032C1F3C10122FA01F101EE101AB8EE30
:106B2000411ADEF800109FED253A6FF35F2102EE67
:106B3000101ADEF80010C1F34621B8EE422A0131E6
:106B400000EE032A00EE10CAB7EE003AB8EE400A93
:106B500081EE000A32EE031A20EE010A01EE101A4D
:106B6000B8EE411A80EE011ABCEEC11A80ED001A8F
:106B7000DEF80010C1F30641013101EE101AB8EE43
:106B8000411A80EE011ABCEEC11A80ED011ADEF83E
:106B90000010C1F30661013101EE101AB8EE411A7E
:106BA00080EE010ABCEEC00A10EE101A816080BDB2
:106BB0000024744A001BB74B0024744C00000039B9
:106BC00080B544F2404EC5F6020E5EF8183C5EF801
:106BD000181C5EF8142CC1F3055CDEF80410BCF13F
:106BE000000F18D0C9089FED3A1AD20501EAE271E8
:106BF00003F003026FF35F3100EE101AB8EE400AA3
:106C0000DFE802F0021F0E1F5EF8401C89060AD45E
:106C10009FED311A15E000218160C0E9001180BDAF
:106C20009FED2C1A0DE05EF8401C49F20002C0F204
:106C3000D032C1F3C10122FA01F101EE101AB8EE0F
:106C4000411ADEF800109FED253A6FF35F2102EE46
:106C5000101ADEF80010C1F34621B8EE422A0131C5
:106C600000EE032A00EE10CAB7EE003AB8EE400A72
:106C700081EE000A32EE031A20EE010A01EE101A2C
:106C8000B8EE411A80EE011ABCEEC11A80ED001A6E
:106C9000DEF80010C1F30641013101EE101AB8EE22
:106CA000411A80EE011ABCEEC11A80ED011ADEF81D
:106CB0000010C1F30661013101EE101AB8EE411A5D
:106CC00080EE010ABCEEC00A10EE101A816080BD91
:106CD0000024744A001BB74B0024744C0000003998
:106CE00010B584B0024641F6FF7300209B1A70EB8A
:106CF00001032BDA47F6FF739B1A70EB010380F256
:106D0000838082F400430B4300F0E98082F48033F7
:106D10000B4300F0068182F40022114340F07A8197
:106D200044F20041C5F60201886DC0F30142002023
:106D3000DFE812F0CD0004005E00700108688000FA
:106D400040F1618101A8FFF73BFFF7E040F2FF73DC
:106D50009B1A70EB01032CDB82F480730B4300F071
:106D60007E8082F48062114340F0548144F20041FD
:106D7000C5F60201886DC0F34252042A00F2438135
:106D800048F20000C0F2BB00DFE812F0DB00A10017
:106D9000E20044010500C86C0A68520700F0405246
:106DA000086802D5002A00F01F81C00500F1E580C7
:106DB000ECE082F400630B4300F0768082F48052B2
:106DC000114340F0278144F20041C5F60201086DED
:106DD000C0F30232042A00F2168148F20000C0F229
:106DE000BB00DFE812F0AE007400B500170105002B
:106DF000C86C0A68520700F04052086840F1BB8036
:106E0000002A00F0F180B6E082F400530B4300F05A
:106E1000748082F48042114340F0FC8044F20044CC
:106E2000C5F60204A06DC0F30270052800F2EB80E5
:106E3000DFE810F00600CD00BF00C800BD00E40090
:106E400000F0FEFE216A48F2A062C0F60102C1F322
:106E50000211515C01F01F01C84004B010BD44F2A2
:106E60000041C5F60201086D00F00702042A00F295
:106E7000CA8048F20000C0F2BB00DFE802F06228DE
:106E800069CB0300C86C0A68520700F040520868DA
:106E900002D5002A00F0A880C00540F17780B2F149
:106EA000805F00F06D8071E044F20041C5F60201A0
:106EB000886DC0F30262042A00F2A58048F2000047
:106EC000C0F2BB00DFE802F03D0344A64F000868B3
:106ED000000140F1988001A8FFF7E2FD3EE044F296
:106EE0000041C5F60201086DC0F301720020DFE821
:106EF00002F00228389108688FE044F20040C5F69D
:106F00000200016DC1F30241052900F27C80DFE837
:106F100001F003776067528304B0BDE8104000F0D1
:106F2000B7BE44F20040C5F60200C16C0068C90358
:106F300008D5000167D501A8FFF7B2FD039804B09A
:106F400010BD086880015ED501A8FFF715FD60E05F
:106F50000868800057D501A8FFF732FE019804B0F9
:106F600010BD08684DE0C86C0A68520700F0405236
:106F7000086800D5C2B3C00508D5B2F1805F05D15D
:106F800040F60010C0F23D0004B010BD0868B2F138
:106F9000005F00F400314FF0000004BF43F20060D6
:106FA000C0F26E10002908BF084604B010BD20686A
:106FB00002E020680EE0006840F60011C005C0F253
:106FC0003D012FE0206840071DD520680CE02068B7
:106FD00017E00068800016D501A8FFF7F1FD18E062
:106FE000016849070FD50068C0F3C10049F20001EC
:106FF000C0F2D03121FA00F004B010BD20680CE0DE
:107000000068000102D4002004B010BD01A8FFF701
:1070100047FD029804B010BD006843F20061800390
:10702000C0F26E1101EAE07004B010BD0000000073
:107030002DE9F04381B00446C07844F22C490007A2
:10704000C5F6020901D4002520E0606E4FEA3050F9
:10705000032835D80025DFE800F0020A1C22D9F801
:10706000000040F40030C9F80000D5B906E004F192
:107070000800022108F0A4F9054695B9D9F82400C2
:10708000616E20F440100843C9F824004FF0000856
:1070900008E004F12800022108F022FA0546002D3C
:1070A000ECD0A8466078C0071ED0A06D04283ED85A
:1070B000DFE800F02B340A0303006DB1A84613E0AB
:1070C0000125002DEDD1D9E704F12800002108F0B9
:1070D00007FA0546002DF1D1D9F82400A16D20F062
:1070E00007000843C9F824006078400747D5D4F862
:1070F000A4004FEA705005282CD8DFE800F01C2FC0
:107100002503030395B3A84639E0D9F8000040F4FD
:107110000030C9F80000002DD0D1DDE704F10800EF
:10712000002108F04DF90546002DC7D1D4E701250F
:10713000002DC3D1D0E7D9F8000040F40030C9F8E1
:107140000000002DDFD111E004F12800002108F03B
:10715000C7F908E00125002DD5D107E004F10800AA
:10716000002108F02DF90546002DCCD1D9F82C00CE
:10717000D4F8A41020F460000843C9F82C0060780B
:10718000000731D5D4F8A8004FEA3060052816D89A
:10719000DFE800F006190F030303E5B1A84623E07A
:1071A000D9F8000040F40030C9F80000002DF5D1F6
:1071B00011E004F12800002108F092F908E001250F
:1071C000002DEBD107E004F10800002108F0F8F8E9
:1071D0000546002DE2D1D9F82C00D4F8A81020F0F3
:1071E000E0600843C9F82C00E07880071BD5E06C0C
:1071F0004FEA301003282FD8DFE800F002052502FF
:107200004DB1A8460FE0D9F8000040F40030C9F8AD
:107210000000002DF5D1D9F82000E16C20F03000FD
:107220000843C9F820006078C00629D5E06D4FEA10
:107230003030042849D8DFE800F0363F130303005C
:10724000B5B1A8461CE004F10800022108F0B8F826
:107250000546002DD5D1DEE70125002DD1D1DAE795
:1072600004F12800002108F03BF90546002DE8D183
:10727000D9F82400E16D20F4E0400843C9F8240067
:107280006078800639D5206E4FEA3040052829D82D
:10729000DFE800F025031F25252504F10800012162
:1072A00008F08EF81AE0D9F8000040F40030C9F870
:1072B0000000002DC5D1DBE704F10800002108F033
:1072C0007FF80546002DBCD1D2E70125002DB8D1AD
:1072D000CEE704F12800012108F002F9054625B1A6
:1072E000A8460AE00125002DFAD1D9F82400216E24
:1072F00020F4E0200843C9F824006078400625D532
:10730000D4F8AC004FEA3070052813D8DFE800F05D
:107310000F03090F0F0F04F10800012108F050F8C6
:1073200004E004F12800012108F0DAF8054625B14F
:10733000A8460BE00125002DFAD1D9F82C00D4F88D
:10734000AC1020F0E0400843C9F82C00607800063B
:1073500020D5E06ED8B1B0F1005F12D0B0F1805FFF
:1073600026D1D9F8000040F40030C9F8000085B9F2
:10737000D9F82400E16E20F040500843C9F82400F9
:1073800008E004F10800012108F01AF80546002D74
:10739000EED0A846E078C0071ED0A06C032800F20B
:1073A0008080DFE800F0020974026DB1A84613E0A6
:1073B0000125002DEDD1DBE7D9F8000040F40030C5
:1073C000C9F80000002DF1D1D9F82000A16C20F0FF
:1073D00003000843C9F82000A078400644D5D9F836
:1073E000D40340F48070C9F8D403FFF77DF9064652
:1073F000D9F8D403C00505D4FFF776F9801B6528BA
:10740000F6D303257DBBD9F84410D4F8B000414031
:1074100011F4407F11D0D9F84410D9F8442042F437
:107420008032C9F84420D9F8442021F4407122F474
:107430008032C9F84420C9F84410B0F5807F0FD1DC
:10744000FFF752F9064641F2893700BFD9F84400E8
:10745000800705D4FFF748F9801BB842F6D303250F
:10746000002D00F07A82A8462078C00732D0A06FA5
:107470004FEAF000052822D8DFE800F01E03181EAE
:107480001E1E04F10800012107F09AFF13E004F129
:107490000800022107F094FF0546002D7FF486AF17
:1074A00092E70125002D7FF481AF8DE704F12800DC
:1074B000012108F015F8054625B1A8460AE0012586
:1074C000002DFAD1D9F82800A16F20F03800084328
:1074D000C9F828002078800721D5606F052813D8C7
:1074E000DFE800F00F03090F0F0F04F1080001217E
:1074F00007F066FF04E004F12800012107F0F0FF27
:10750000054625B1A8460AE00125002DFAD1D9F893
:107510002800616F20F007000843C9F82800207890
:10752000400723D5D4F89000052813D8DFE800F0F1
:107530000F03090F0F0F04F10800012107F040FFAE
:1075400004E004F12800012107F0CAFF054625B137
:10755000A8460BE00125002DFAD1D9F82C00D4F86B
:10756000901020F007000843C9F82C00207880060E
:1075700025D5D4F88C004FEA3070052813D8DFE801
:1075800000F00F03090F0F0F04F10800002107F0AE
:1075900017FF04E004F12800022107F0A1FF0546CF
:1075A00025B1A8460BE00125002DFAD1D9F8280015
:1075B000D4F88C1020F0E0400843C9F82800207867
:1075C000400625D5D4F898004FEAB020052813D8F6
:1075D000DFE800F00F03090F0F0F04F1080000218E
:1075E00007F0EEFE04E004F12800022107F078FF26
:1075F000054625B1A8460BE00125002DFAD1D9F8A2
:107600002C00D4F8981020F4E0500843C9F82C005E
:107610002078000625D5D4F89C004FEA7030052864
:1076200013D8DFE800F00F03090F0F0F04F1080073
:10763000002107F0C5FE04E004F12800022107F054
:107640004FFF054625B1A8460BE00125002DFAD1D4
:10765000D9F82C00D4F89C1020F460400843C9F8F5
:107660002C002078000716D5D4F88000B0F5805F94
:1076700008D104F12800022107F032FF002818BFCA
:107680004FF00108D9F82800D4F8801020F44050B9
:107690000843C9F828002078C00616D5D4F894000D
:1076A000B0F5807F08D104F12800022107F018FF0F
:1076B000002818BF4FF00108D9F82C00D4F8941016
:1076C00020F440700843C9F82C00A078000724D5A6
:1076D000D4F8A000B0F5003F1CD0B0F5803F13D027
:1076E000002840F0E58004F10800002107F068FE62
:1076F00005468DB9D9F82C00D4F8A01020F44030FC
:107700000843C9F82C0008E004F12800022107F022
:10771000E7FE0546002DEDD0A846A078400725D508
:10772000D4F88400B0F5401F1DD0B0F5001F14D070
:10773000B0F5801F40F0C180D9F8000040F400305F
:10774000C9F800008DB9D9F82800D4F8841020F4C5
:1077500040100843C9F8280008E004F1280001217E
:1077600007F0BEFE0546002DEDD0A846A078C00764
:107770001FD0206DB0F5803F0BD0002840F09380E3
:10778000D9F8000040F40030C9F800004DB1A84617
:107790000FE004F10800022107F012FE0546002D5B
:1077A000F5D1D9F82000216D20F480300843C9F8C4
:1077B0002000E078800608D504F12800022107F0B7
:1077C0008FFE002818BF4FF00108D4E900108A038B
:1077D00040F18280E26F6FF0010303EB3223022B52
:1077E0000AD34FEA32233BB1012B6BD1D9F80030D9
:1077F00043F40033C9F80030002D66D0CA026ED4BD
:107800008A0277D44A0000F18080CA0F40F08D8050
:10781000090200F19580C00707D004F1080000219B
:1078200007F0CEFD002818BF05462079800707D550
:1078300004F10800012107F0C3FD002818BF054628
:107840002079400707D504F10800022107F0B8FDB0
:10785000002818BF05462079000707D504F1280045
:10786000002107F03DFE002818BF05462079C0061C
:1078700007D504F12800012107F032FE002818BFC7
:1078800005462079800607D504F12800022107F07B
:1078900027FE002818BF0125002D18BF0125284606
:1078A00001B0BDE8F0830125002D7FF470AF78E7CB
:1078B0000125002D7FF430AF1CE70125002D7FF45A
:1078C00054AF40E70125002D98D1D9F8283023F492
:1078D00040731A43C9F828204546CA0290D5D9F802
:1078E0002420236F22F000421A43C9F824208A0280
:1078F0007FF588AFD9F82420A36E22F080721A4356
:10790000C9F824204A007FF580AF59F81C2C22F4D6
:10791000004249F81C2CD4F8B42059F81C3C1A43F6
:1079200049F81C2CCA0F3FF473AFD9F82020636DBF
:1079300022F040521A43C9F8202009027FF56BAFAC
:10794000D9F82810D4F8882021F440011143C9F84F
:107950002810C0077FF461AF67E74FF6CF73D4F804
:10796000B00059F81C2CC0F2FF0300F4407122F45F
:107970007C5203EA1013B1F5407F08BF1A436FF33E
:107980001F3049F81C2CD9F844100843C9F84400AA
:107990006AE50000000000002DE9F04381B00028F6
:1079A00000F0F88042F200080446C5F2002889463B
:1079B000D8F8000000F00F0081420ED9D8F800007E
:1079C00020F00F0040EA0900C8F80000D8F80000D5
:1079D00000F00F00484540F0DD80206844F2184771
:1079E0004107C5F602070AD521693A6802F070021C
:1079F000914204D93A6822F07002114339600107BC
:107A00000AD561697A6802F07002914204D97A68F5
:107A100022F0700211437960C1060AD5A1697A6823
:107A200002F4E062914204D97A6822F4E0621143E0
:107A3000796081060AD5E169BA6802F07002914264
:107A400004D9BA6822F070021143B96081070AD5DF
:107A5000E1683A6802F00F02914204D93A6822F0D4
:107A60000F0211433960C00740F080802068810711
:107A70000AD5E1683A6802F00F02914204D23A68EE
:107A800022F00F0211433960D8F8001001F00F0105
:107A900089450DD2D8F8001021F00F0141EA090103
:107AA000C8F80010D8F8001001F00F01494571D155
:107AB00041070AD521693A6802F07002914204D266
:107AC0003A6822F070021143396001070AD56169F2
:107AD0007A6802F07002914204D27A6822F0700251
:107AE00011437960C1060AD5A1697A6802F4E0629F
:107AF000914204D27A6822F4E062114379608006F0
:107B00000AD5E069B96801F07001884204D2B96809
:107B100021F070010843B86000F01AF9396848F2A2
:107B2000A062C0F60102C1F30321515C3B6803F07F
:107B30000F0301F01F01D25C20FA01F102F01F00D7
:107B400040F21052C2F2004221FA00F0106040F2FE
:107B5000D87040F20C52C2F20040C2F200420068FB
:107B6000116001B0BDE8F043FEF70ABE386820F4AA
:107B70007061D4E9010211433960012857F8181CDB
:107B80000CD0032804D0022828D1890302D507E0AD
:107B9000890105D4012001B0BDE8F083C905F9D5FC
:107BA00057F8081C21F00701084347F8080CFEF7B6
:107BB0009BFD064641F2883557F8080C616800F0D5
:107BC0003800B0EBC10F3FF451AFFEF78DFD801BC5
:107BD000A842F1D9032001B0BDE8F0834907D9D507
:107BE000DEE70000000000003F22026044F218427D
:107BF000C5F6020252F8083C03F00703436013681D
:107C000003F470638360136803F00F03C3601368A9
:107C100003F070030361536803F07003436153681A
:107C200003F4E0638361926802F07002C26142F281
:107C30000000C5F20020006800F00F0008607047E7
:107C400080B500F085F844F2184148F2A063C5F60B
:107C50000201C0F601030A68C2F303229A5C0968B4
:107C600001F00F0102F01F02595C20FA02F201F04C
:107C70001F0040F21051C2F2004122FA00F00860E9
:107C800040F20C51C2F200410A6080BD00000000C9
:107C900080B500F05DF844F2184C48F2A063C5F6D8
:107CA000020CC0F60103DCF80020C2F303229A5C48
:107CB000DCF8001001F00F0102F01F02595CD04007
:107CC00040F21052C2F2004201F01F0120FA01F10D
:107CD000116040F20C52C2F200421060DCF8040065
:107CE000C0F30210185C00F01F0021FA00F080BD04
:107CF00080B500F02DF844F2184C48F2A063C5F6A8
:107D0000020CC0F60103DCF80020C2F303229A5CE7
:107D1000DCF8001001F00F0102F01F02595CD040A6
:107D200040F21052C2F2004201F01F0120FA01F1AC
:107D3000116040F20C52C2F200421060DCF8040004
:107D4000C0F30220185C00F01F0021FA00F080BD93
:107D500044F20041C5F602010869C0F3C2000328DD
:107D600014D002280DD088BB0868800649F20000B4
:107D7000C0F2D03058BF70470968C1F3C101C84094
:107D8000704743F20060C0F26E1070478B6A886AD9
:107D9000D1F82CC04A6BC0F30510E0B1C2F3CC029D
:107DA00003F0030300EE102A9FED291AB8EE400AF3
:107DB00020EE010A9FED271ADFE803F0021F0F1FD4
:107DC0000A6892060CD49FED251A16E040F60010C2
:107DD000C0F23D007047002070479FED1F1A0CE075
:107DE0000A6849F20003C0F2D033C2F3C10223FA99
:107DF00002F201EE102AB8EE411A0A6B9FED183A12
:107E00006FF35F2202EE102A5FEACC7203FE000AD3
:107E100003EE100A086BB8EE422AC0F34620B8EE13
:107E2000433A013030EE020AB7EE002A81EE031A1F
:107E300030EE020A21EE000A01EE100AB8EE411AF5
:107E400080EE010ABCEEC00A10EE100A704700BFB7
:107E5000000000390024744A001BB74B0024744C06
:107E600000000000000000002DE9F04381B0002870
:107E700000F097818046007844F20049C007C5F6BB
:107E8000020954D0D9F8100000F03801D9F82800C0
:107E9000102905D018290CD100F00300022808D1C0
:107EA000D9F8000080033ED5D8F80400D8BB0127DC
:107EB0002CE0D8F80450D9F800002DB1B5F5A02F6A
:107EC0000BD0B5F5803F0ED020F48030C9F800000B
:107ED000D9F8000020F4802007E040F48020C9F8A1
:107EE0000000D9F8000040F48030C9F80000FEF727
:107EF000FBFB002D054612D0D9F80000800312D4F8
:107F0000FEF7F2FB401B6428F6D90327002070B966
:107F10008CE100BFFEF7E8FB401B6428F5D8D9F8D8
:107F200000008003F6D40120002800F07F8198F83B
:107F3000000080076AD5D9F8100010F03801D9F890
:107F400028001DD0182908BF5FEA807018D0D8F823
:107F50000C00D9F80010002840D021F01901084386
:107F6000C9F80000FEF7C0FB054600BFD9F80000C5
:107F7000400727D4FEF7B8FB401B0228F6D91EE0C5
:107F8000D9F80000400704D5D8F80C00002800F00C
:107F9000AC81D9F80000D8F80C1020F01900084383
:107FA000C9F80000FEF7A0FB054600BFD9F80000A5
:107FB000400707D4FEF798FB401B0228F6D9032799
:107FC000002420E0D9F80400D8F8101020F0FE407A
:107FD000012440EA0160C9F8040014E021F0010026
:107FE000C9F80000FEF780FB05460126D9F800001D
:107FF00010F0040086EA900405D0FEF775FB401BE4
:108000000228F3D90327002C00F0108198F8000013
:10801000C00656D5D9F8100000F03801D9F828006C
:10802000082905D0182917D100F00300012813D121
:10803000D9F80000C00503D5D8F81C0080283BD132
:10804000D9F80C00D8F8201020F07C50012440EA28
:108050000160C9F80C0031E0D8F81C000028D9F8FC
:10806000000012D040F08000C9F80000FEF73CFB91
:10807000054600BFD9F80000C005E1D4FEF734FB87
:10808000401B0228F6D9032717E020F08000C9F82A
:108090000000FEF729FB0546012600BFD9F80000C5
:1080A00010F4807086EA102408D0FEF71DFB401BF8
:1080B0000228F3D9032701E001270024002C00F057
:1080C000B58098F8000000076DD498F8000080068D
:1080D00000F1818098F80000400700F19480D8F802
:1080E0002440002C5BD0D9F8100000F0380018288C
:1080F00040F0D980012CD9F82810D9F8300050D0A0
:1081000001F00302D8F828309A424AD1C1F3051190
:10811000D8F82C20914244D10146D8F830206FF392
:108120005F21013A91423CD1C0F34622D8F8341085
:1081300001398A4235D1C0F30642D8F838100139E6
:108140008A422ED1C0F30660D8F83C10013988422B
:1081500027D1D9F83400D8F84810C0F3CC008142B8
:108160001DD0D9F82C0020F00100C9F82C00FEF732
:10817000BBFA0546FEF7B8FAA842FBD0D9F834009E
:108180004FF6F871D8F84820884340EAC200C9F891
:108190003400D9F82C0040F00100C9F82C00002769
:1081A00044E0012742E0D8F814000028D9F8740010
:1081B00040D040F00100C9F87400FEF795FA05467A
:1081C000D9F8740080073FF580AFFEF78DFA401BA9
:1081D0000228F5D929E0D8F818000028D9F80000BD
:1081E0004DD040F48050C9F80000FEF77DFA0546F6
:1081F000D9F8000080043FF56DAFFEF775FA401B1B
:108200000228F5D911E0D9F8000440F48070C9F8CB
:108210000004FEF769FA0546D9F80004C0051CD42D
:10822000FEF762FA401B6428F6D90327F8B201B0C2
:10823000BDE8F08320F00100C9F87400FEF754FA9D
:1082400005460327D9F8740080077FF53EAFFEF797
:108250004BFA401B0228F5D9E8E7D8F80850D9F8BE
:1082600070001DB1052D42D0012D46D020F0010037
:10827000C9F87000D9F8700020F004003FE020F445
:108280008050C9F80000FEF72FFA0546032700BF0B
:10829000D9F8000080047FF51DAFFEF725FA401BDA
:1082A0000228F5D9C2E7D9F8000020F08070C9F89B
:1082B0000000FEF719FA022C05464FF0030709D11A
:1082C000D9F8000080013CD5FEF70EFA401B0228C9
:1082D000F6D9ABE7D9F8000080017FF560AFFEF773
:1082E00003FA401B0228F5D9A0E7012768E640F011
:1082F0000400C9F87000D9F8700040F00100C9F816
:108300007000FEF7F1F9002D054641F288344FF078
:10831000030711D0D9F8700080073FF5E0AEFEF7F3
:10832000E3F9401BA042F5D980E700BFFEF7DCF976
:10833000401BA0423FF67AAFD9F870008007F5D411
:10834000CDE608F12807D9F8280040F2F331884338
:108350008ECF0843591E40EA02104FF47E426FF35D
:108360005F21C9F8280002EB47204FF4FE0280B2DB
:10837000D8F83C300844D8F8381002EB01414FF0EF
:10838000FE4201F4FE0102EB0362084402F0FE41EA
:108390000844C9F83000D9F82C004FF6F87120F0E5
:1083A0000100C9F82C00D9F83400D8F848208843D7
:1083B00040EAC200C9F83400D9F82C00D8F84010BF
:1083C00020F00C000843C9F82C00D9F82C00D8F88C
:1083D000441020F002000843C9F82C00D9F82C0002
:1083E00040F48030C9F82C00D9F82C0040F400305B
:1083F000C9F82C00D9F82C0040F48020C9F82C00D2
:10840000D9F82C0040F00100C9F82C00D9F8000080
:1084100040F08070C9F80000FEF766F904460327B3
:10842000D9F8000080013FF5BAAEFEF75DF9001BF8
:108430000228F5D9FAE60000F0B581B0F8B104469B
:10844000D0F888001E4615460F4628B9002084F84B
:108450008400204602F070F92420C4F888002068C7
:10846000A16A0268002922F00101016002D02046C1
:1084700009F0B2FB204609F063FD012802D101207A
:1084800001B0F0BD2068816841F48041816081685D
:1084900021F40041394381603104026841EA4551C9
:1084A0006FF3194211430160016841F0010101605D
:1084B000204601B0BDE8F04009F0FEBB000000001E
:1084C000002863D02DE9F04743F600040168C4F2A8
:1084D000000443F2000E43F6004CA142C4F2010E28
:1084E000C4F2000C4FF00002826204D0614518BF54
:1084F000714540F0B480C26B0125C368A14203F10D
:10850000080305EB52124FEAD30303FB02F218BF34
:10851000714540F09280102A00F2A58090F88110F9
:1085200031B9002180F88010044600F0A1F82046FF
:10853000022180F881100168D0F818E00A68BEF1C5
:10854000806F22F001020A608B680FD144682CB161
:10855000B4F5800F0AD1826B22B13CB9826BB2F1C3
:10856000805F03D10A6842F480520A60D0F8049018
:1085700003F4F8135FEA492C0AD5C268072A07D327
:108580000A68056D22F480722A4304E001207047D6
:108590000A6822F480720A60B9F1000FC269856A24
:1085A00042EA0302C36B42EA050242EA0302D0E94F
:1085B0000285D0E9046A42EA05028A60426B876B51
:1085C000456A42EA0502056A42EA070242EA0602F1
:1085D00042EA0A02D0E9124342EA050242EA0302F1
:1085E000836D42EA080242EA040242EA030242EAD6
:1085F0000E0242EA0902CA6009D18A68012363F3C4
:10860000CC228A608A68022363F34A228A600A6D58
:10861000BCF1000F22F001020A6505D5CA68436D5E
:1086200022F000421A43CA600021C0F884100121E0
:1086300080F881100020BDE8F087614518BF082A46
:1086400011D8A14218BF71453FF465AF61457FF471
:1086500065AF102A84BF0120BDE8F0875EE7C268DD
:108660000F2A7FF648AF0120BDE8F0870000000028
:108670002DE9F041B6B0044602A8B8210025CDE9A5
:108680003455CDE932553195F8F711F843F600012C
:108690002068C4F20001884202D036B0BDE8F08103
:1086A0004FF48050029002A803951995FEF7C0FC84
:1086B00008B1FAF7A5F844F2E04040F20044C5F6EC
:1086C0000200C5F6020431AD4FF0020881680027B0
:1086D00041F4804181608168052601F48041019167
:1086E0000199016841F004010160016801F0040191
:1086F00001910199016841F0020101600068294679
:1087000000F00200019001980620319004F580608D
:10871000CDF8C880CDE933773596FDF709FF4FF4E2
:1087200000502946CDE9310820463596CDE933770A
:10873000FDF7FEFE36B0BDE8F0810000000000004D
:108740002DE9F04F81B09B4615460F460446D0F800
:108750000090C66BFDF7C8FF94F8811001290FD176
:1087600080464FF0010027B1002D18BFBBF1000F6C
:1087700002D101B0BDE8F08F94F88000012803D148
:10878000022001B0BDE8F08F012084F880000520B0
:1087900084F881000021C4F88410656643F6000265
:1087A000A4F86AB0C4F20002A4F868B0E765102724
:1087B000A4F862B02068A4F860B0216790426167B5
:1087C000C16821F4C021C1600CD043F60041C4F25D
:1087D0000001884206D043F20001C4F20101884240
:1087E00018BF082741684FF6FF7291435944416012
:1087F000016841F0010101606168B1F5800F4FF03F
:10880000010103D1026842F400720260E06801EBEA
:108810005612102857D3BBF1000F5B4618BF012337
:1088200000F05A810A99BF0895B2012001F10109AF
:108830005E4619E0086B616E41F8040B6166B4F89E
:108840006A000138A4F86A00B4F86AB0B3B246EA24
:108850000B011FFA8BF0002B18BF0123002818BF53
:108860000120090400F038812168DA071FFA8BF231
:108870004B6912D013F002031CBF17FA86F3934220
:108880000BD9E36D53F8046B0E62E365B4F8623004
:10889000013BA4F86230B4F86260C0074869D5D0E3
:1088A0004B69DB07C6D1AA4202D210F40040C1D105
:1088B000FDF71AFFB9F1000FC8D0A0EB08000A9924
:1088C0008842C3D3F5E0072874D9BBF1000F59469D
:1088D00018BF012100F000814FF6FF737F081FFAD7
:1088E00082FA01200A9AA3F1010C5D46013200923E
:1088F0001CE0B9F83010606E20F8021B4FF6FF71D3
:108900006066B4F86A000844A4F86A00B4F86AB073
:10891000A9B245EA0B021FFA8BF0002918BF01210A
:10892000002818BF0120120400F0D6802268C90771
:108930001FFA8BF1536913D013F002031CBF17FA0F
:1089400085F38B420CD9E36D33F8026BA9F82060F4
:10895000E365B4F86230013BA4F86230B4F86250C9
:10896000C0075069D4D05269D207C2D151450ED246
:1089700010F400420BD0B9F83000616E0880B9F8ED
:10898000300021F8020F881C61666146B8E70129B2
:1089900002D110F40050ACD16646FDF7A5FE009957
:1089A00031B1A0EB08000A998842B446B0D380E008
:1089B000B446ADE7BBF1000F594618BF012100F0E6
:1089C0008B801FFA82F94FF6FF730A9A0120561C1A
:1089D000DD1EDA461DE092F83000616E08704FF639
:1089E000FF70616E01316166B4F86A100844A4F842
:1089F0006A00B4F86AB01FFA8AF14AEA0B021FFA59
:108A00008BF0002918BF0121002818BF0120120493
:108A100062D02268C9071FFA8BF1536914D013F092
:108A200002031CBF17FA8AF38B420DD9E36D1B7842
:108A300082F82030E26D0132E265B4F86220013A3A
:108A4000A4F86220B4F862A02268C0075069D2D0AE
:108A50005369DB07BFD149451DD210F400431AD03A
:108A600092F83000616E08702068616E4A1C626680
:108A700090F8300048702068616E4A1C626690F879
:108A8000300048702068616E4A1C626690F83000C1
:108A900048702846A5E7032902D810F4C0409AD1AF
:108AA000FDF722FE002EA6D0A0EB08000A9988420E
:108AB000A1D3204606F070FFD4F8840040F4807003
:108AC000C4F88400012084F88100002084F880002C
:108AD000032001B0BDE8F08F0A9F7D1C206840692B
:108AE00006070FD4FDF700FE002DF7D0A0EB08001D
:108AF000B842F3D3002E05D4D4F8840040F020000F
:108B0000C4F88400204606F047FF012084F8810065
:108B1000002084F88000D4F88400002818BF0120C9
:108B200001B0BDE8F08F000040F20442C5F600023B
:108B3000136823EA0000084310607047000000003B
:108B400070470000000000007047000000000000B7
:108B5000704700000000000090F83C20012A4FF010
:108B6000020269D0B0B5012380F83C3080F83D2086
:108B700040F2004C0268C4F2010C42F48063634589
:108B80005368D2F808E002BF23F470034C68234313
:108B90004DF6FF740D68C4F2000423F07003A24286
:108BA00043EA0503536014DC40F2FF73C4F2000390
:108BB0009A4222DD40F60003C4F200039A422ED00E
:108BC00040F60043C4F200039A4228D041F6000365
:108BD00021E04FF6FF73C4F200039A4213DD002335
:108BE000C4F201039A421AD044F20003C4F2010312
:108BF0009A4214D0624512D016E0B2F1804F0ED0E6
:108C000040F2004307E04EF20003C4F200039A4230
:108C100005D04EF20043C4F200039A4204D12EF074
:108C200080038968194391600022012180F83D107A
:108C300080F83C20BDE8B0401046704700000000BE
:108C400060B310B5044690F83D0028B9002084F8C0
:108C50003C00204600F024F8022084F83D00206803
:108C6000211D08F071FE012084F8480084F83E00C0
:108C700084F83F0084F8400084F8410084F8420002
:108C800084F8430084F8440084F8450084F84600E2
:108C900084F8470084F83D00002010BD0120704793
:108CA000B0B582B041F600020168C4F20002914200
:108CB00039D040F20042C4F20002914240D1054650
:108CC00044F2E840C5F6020048F69404C2F20044BB
:108CD000016841F002010160006800F002000190AB
:108CE00058200199C4F202002060182060604020E2
:108CF000A0600020E0604FF4806121614FF40061CA
:108D000061614FF40051A1614FF480716062C4E968
:108D100007102046FBF7B0FF08B1F9F771FDAC6210
:108D2000A56302B0B0BD44F2E840C5F60200016898
:108D300041F040010160006800F0400000900098A0
:108D400002B0B0BD0000000090F83D10012922D112
:108D5000022180F83D1001684DF6FF70C4F200005A
:108D60008142C86840F00100C86016DC40F2FF7024
:108D7000C4F20000814228DD40F60000C4F2000089
:108D8000814234D040F60040C4F2000081422ED02F
:108D900041F6000027E0012070474FF6FF70C4F253
:108DA0000000814217DD0020C4F2010081421ED084
:108DB00044F20000C4F20100814218D040F20040A9
:108DC000C4F20100814212D01DE0B1F1804F0ED0FB
:108DD00040F2004007E04EF20000C4F20000814281
:108DE00005D04EF20040C4F2000081420BD10722B0
:108DF0008868C0F2010202400020062A18BFB2F5BE
:108E0000803F00D17047086840F0010008600020F2
:108E1000704700000000000090F83C20012A4FF04D
:108E2000020200F0A78080B5012380F83C3080F872
:108E30003D208822D0F800C0CFF6CE72DCF8083092
:108E40001A40CCF808200B686F2B0CDDB3F1101F13
:108E500034DAB3F5005F69DA702B00F0AF80B3F558
:108E6000805F7ED0D0E02F2B32DD4F2B37DC302BD4
:108E70006BD0402B40F0C880D1F804E0C968DCF822
:108E80002030DCF8202022F00102CCF82020DCF891
:108E9000182022F0F00242EA011123F00A02CCF875
:108EA000181042EA0E01CCF820104FF68872DCF858
:108EB0000810CFF6CF721140473150E02F21C0F299
:108EC00010018B4237DCB3F1101F3ED0202138E077
:108ED000002B18BF102B38D0202B36D094E0502B0D
:108EE0004AD0602B40F09080D1F804E0C968DCF8EB
:108EF0002030DCF8202022F01002CCF82020DCF812
:108F0000182022F4704242EA013123F0A002CCF88A
:108F1000181042EA0E11CCF820104FF68872DCF8D7
:108F20000810CFF6CF721140673118E059D0B3F571
:108F3000801F0AD068E03021C0F210018B4204D0BB
:108F40004021C0F210018B425ED14FF68872DCF8EE
:108F50000810CFF6CF721140194341F00701CCF849
:108F600008100022012180F83D10002180F83C10FB
:108F7000BDE8804010467047D1F804E0C968DCF8CD
:108F80002030DCF8202022F00102CCF82020DCF890
:108F9000182022F0F00242EA011123F00A02CCF874
:108FA000181042EA0E01CCF820104FF68872DCF857
:108FB0000810CFF6CF7211405731D0E701F1040EFF
:108FC0009EE80C40DCF808101A4321F47F4142EA85
:108FD0000E221143CCF80810DCF8081041F077019C
:108FE000BDE701F1040E9EE80C40DCF808101A43BE
:108FF00021F47F4142EA0E221143CCF80810DCF83C
:10900000081041F48041AAE70122ABE7000000000C
:1090100070470000000000007047000000000000E2
:10902000F0B581B004460068C5680669B10716D579
:1090300015F0020113D06FF00201016101212177C7
:109040008069800703D02046FFF7E6FF05E0204651
:1090500000F09AF8204600F01FFB002020777007F0
:1090600018D515F0040015D020686FF004010161D7
:1090700002212177806910F4407F03D02046FFF75A
:10908000CBFF05E0204600F07FF8204600F004FB0F
:1090900000202077300717D515F0080014D020687D
:1090A0006FF00801016104212177C069800703D0B6
:1090B0002046FFF7B1FF05E0204600F065F82046A6
:1090C00000F0EAFA00202077F00618D515F010001D
:1090D00015D020686FF01001016108212177C06967
:1090E00010F4407F03D02046FFF796FF05E02046AE
:1090F00000F04AF8204600F0CFFA00202077F00771
:1091000018BF15F0010006D020686FF00101016161
:10911000204600F051FD05F0800716F4025F18BFED
:10912000002F02D1F00509D410E020686FF402513D
:1091300001612046FFF708FDF00507D537B120682B
:109140006FF4807101612046FFF7FAFC700609D5C3
:1091500015F0400006D020686FF040010161204604
:1091600000F032FDB0060CD515F0200009D02068C3
:109170006FF020010161204601B0BDE8F040FFF72B
:10918000E7BC01B0F0BD0000704700000000000027
:1091900090F83C30012B01D1022070474FEAB20316
:1091A0000122052B80F83C2000F23C822DE9F041A1
:1091B000DFE803F003B753912DF5036843F6FF761C
:1091C000C4F201061C6AB3421A6A24F0020422F0B7
:1091D00001021A621A46D3F804C052F818EF8D68DB
:1091E00044EA0504D1F8008040F3798144F2000795
:1091F000C4F20107BB4200F07D8144F60007C4F2CF
:109200000107BB4200F0768144F200476EE103683B
:1092100043F6FF77C4F20107D3F820C0BB421A6AB5
:1092200022F480321A621A465C6852F8546F0D6854
:10923000D1F808E040F3D98044F20007C4F20107F6
:10924000BB4200F0DD8044F60007C4F20107BB42D8
:1092500000F0D68044F20047CEE0036840F2004EB2
:1092600043F48067C4F2010E1C6A77451A6A24F43D
:10927000007422F480721A621A465D6852F81CCF9C
:109280008E6844EA062407D1CE6840F2FF473602D2
:1092900024F44064BE43344343F6FF76D1F80080A3
:1092A000C4F20106B34240F3CB8044F20007C4F29B
:1092B0000107BB4200F0CB8044F60007C4F201076F
:1092C000BB4200F0C48044F20047C4F20107BB4235
:1092D00000F0BD80C2E0036843F6FF77C4F20107E7
:1092E000D3F820C0BB421A6A22F480521A621A468E
:1092F0005C6852F81C6F0D68D1F808E040F3C58037
:1093000044F20007C4F20107BB4200F0C98044F6F2
:109310000007C4F20107BB4200F0C28044F20047DC
:10932000BAE0036840F2004E43F48067C4F2010ED5
:109330001C6A77451A6A24F0200422F010021A628F
:109340001A465D6852F818CF8E6844EA061407D1B1
:10935000CE686FF0400724F0C00407EA06163443D5
:1093600043F6FF76D1F80080C4F20106B34240F321
:10937000D88044F20007C4F20107BB4200F0D88055
:1093800044F60007C4F20107BB4200F0D18044F26A
:109390000047C4F20107BB4200F0CA80CFE0036877
:1093A00043F6FF77C4F20107D3F820C0BB421A6A24
:1093B00022F480121A621A465C6852F8546F0D68E3
:1093C000D1F808E040F3FC8044F20007C4F2010742
:1093D000BB4200F0008144F60007C4F20107BB4223
:1093E00000F0F98044F20047F1E00027C4F20107E1
:1093F000BB4205D040F20047C4F20107BB4204D192
:109400004F6924F4803444EA07244FF68C775C607B
:10941000CFF6FE7703373E402CF4003746EA0504CA
:109420005C654E6809699E6547EA0E471F625F6D7D
:1094300047F008075F655F6D27F004075F65EBE0A5
:109440000027C4F20107BB4201D0734506D1D1E920
:109450000576374325F4405646EA07154FF68C77D4
:109460005D60CFF6FE7707EA0C0747EA0807DF6181
:109470004F680969DF631C62DF6947F00807DF6135
:10948000DF6927F00407DF61C6E00027C4F20107A7
:10949000BB4205D040F20047C4F20107BB4204D1F1
:1094A0004F6924F4804444EA871448F6FF475C601F
:1094B000CFF6FF673E402CF4005746EA0524DC61F6
:1094C0004E6809691E6447EA0E371F62DF6947F478
:1094D0000067DF61DF6927F48067DF619BE00027B9
:1094E000C4F20107BB4205D040F20047C4F20107B5
:1094F000BB4205D1CF6824F00C0427F004073C439D
:10950000B34233DD44F20006C4F20106B34238D060
:1095100044F60006C4F20106B34232D044F20046DB
:109520002BE00027C4F20107BB4201D0734506D1EE
:10953000D1E90576374325F4406646EA870548F6C3
:10954000FF475D60CFF6FF6707EA0C0747EA082789
:109550009F614F6809699F631C629F6947F40067B8
:109560009F619F6927F480679F6154E00026C4F2E1
:109570000106B34205D040F20046C4F20106B342F0
:1095800006D12CF44077D1E90565374347EA050C4D
:109590004FF68C75C3F804C0CFF6FE750EEA0507CA
:1095A00047EA08079F614F6809695F631C629F690A
:1095B00047F008079F619F6927F004079F612BE030
:1095C0000027C4F20107BB4205D040F20047C4F2B5
:1095D0000107BB4204D14F6924F4802444EA872464
:1095E00048F6FF475C60CFF6FF6707F540773E40DF
:1095F0002CF4001746EA05245C654E680969DE65AF
:1096000047EA0E571F625F6D47F400675F655F6D45
:1096100027F480675F65090213681943116000220F
:10962000BDE8F041002180F83C1010467047000072
:1096300060B310B5044690F83D0028B9002084F8C6
:109640003C00204600F024F8022084F83D00206809
:10965000211D08F079F9012084F8480084F83E00C3
:1096600084F83F0084F8400084F8410084F8420008
:1096700084F8430084F8440084F8450084F84600E8
:1096800084F8470084F83D00002010BD0120704799
:10969000704700000000000070470000000000005C
:1096A000704700000000000080B559B10B1F4FF05B
:1096B0003F0E4FEAB30C4322BCF1040F38BF0EEB50
:1096C000B30200E03E22825C012A0DD171B10A1F73
:1096D0004FEAB202032A19D8DFE802F002140C1094
:1096E000022280F83F2014E0012080BD022280F891
:1096F0003E200EE0022280F841200AE0022280F89B
:10970000422006E0022280F8402002E0022280F897
:109710004320026801F01F00012101FA00F0116AE4
:10972000814311624EF2FF31C4F200018A42116A94
:1097300040EA0100106212DC40F6FF30C4F2000083
:10974000824220DCB2F1804F00F0858040F2004080
:10975000C4F2000082427ED040F6000077E043F67B
:10976000FF70C4F2010082421CDC4EF20040C4F2E1
:10977000000082426FD00020C4F20100824223D058
:1097800040F200401CE040F60040C4F2000082427B
:1097900061D041F60000C4F2000082425BD04EF27C
:1097A000000054E044F20000C4F2010082420BD0F9
:1097B00044F60000C4F20100824205D044F20040A9
:1097C000C4F20100824252D14DF6FF70516CC4F2D6
:1097D0000000824241F40040506414DC40F2FF700B
:1097E000C4F20000824224DD40F60000C4F2000012
:1097F000824230D040F60040C4F2000082422AD0BB
:1098000041F6000023E04FF6FF70C4F200008242F0
:1098100015DD0020C4F2010082421CD044F2000099
:10982000C4F20100824216D040F20040C4F20100AE
:109830000FE0B2F1804F0ED040F2004007E04EF250
:109840000000C4F20000824205D04EF20040C4F293
:10985000000082420BD107219068C0F20101014053
:109860000020062918BFB1F5803F00D180BD1068E7
:1098700040F001001060002080BD000000000000EA
:10988000F0B581B051B10E1F4FF03F0C4FEAB60456
:109890004325042C38BF0CEBB60500E03E25465DA1
:1098A000022E02D1022001B0F0BD51B10E1F4FF0C7
:1098B0003F0C4FEAB6044325042C38BF0CEBB60529
:1098C00000E03E25465D012E40F0AF8004460120B9
:1098D000002A18BF002B01D101B0F0BD69B1081FEB
:1098E0004FEAB0062046032E18D8DFE806F0021330
:1098F0000B0F022680F83F6013E00226204684F812
:109900003E600EE0022680F841600AE0022680F800
:10991000426006E0022680F8406002E0022680F8FD
:1099200043604FEAB105032D00F282800F46DFE865
:1099300005F002602241416A41F6A925C0F6010501
:109940000668CD6341F62135416AC0F6010506F18E
:10995000340C04460D6441F65935416AC0F60105E0
:10996000CD641146406A6246FBF7A6FC00285CD134
:109970004FF4007061E0C16A41F6A926C0F6010605
:109980000568CE6341F62136C16AC0F6010605F1CD
:109990003C0C04460E6441F65936C16AC0F6010615
:1099A000CE641146C06A6246FBF786FCE8BB4FF402
:1099B000006042E0016B41F6A926C0F60106056889
:1099C000CE6341F62136016BC0F6010605F1400C6D
:1099D00004460E6441F65936016BC0F60106CE64AA
:1099E0001146006B6246FBF767FCF0B94FF48050FC
:1099F00023E0816A41F6A926C0F601060568CE6318
:109A000041F62136816AC0F6010605F1380C04469C
:109A10000E6441F65936816AC0F60106CE641146DD
:109A2000806A6246FBF748FC28B1012001B0F0BD16
:109A30000120002208E04FF480602168CA681043CA
:109A4000C860002001223946002A3FF445AF226851
:109A500001F01F01012303FA01F1136A8B43136222
:109A60004EF2FF33C4F200039A42136A41EA030143
:109A7000116212DC40F6FF31C4F200018A4220DCA0
:109A8000B2F1804F00F0858040F20041C4F2000145
:109A90008A427ED040F6000177E043F6FF71C4F2BF
:109AA00001018A421CDC4EF20041C4F200018A42EC
:109AB0006FD00021C4F201018A4223D040F200415C
:109AC0001CE040F60041C4F200018A4261D041F638
:109AD0000001C4F200018A425BD04EF2000154E062
:109AE00044F20001C4F201018A420BD044F60001A5
:109AF000C4F201018A4205D044F20041C4F20101DE
:109B00008A4251D14DF6FF71536CC4F200018A4272
:109B100043F40041516414DC40F2FF71C4F20001CF
:109B20008A4224DD40F60001C4F200018A4230D0AE
:109B300040F60041C4F200018A422AD041F60001F9
:109B400023E04FF6FF71C4F200018A4215DD0021C7
:109B5000C4F201018A421CD044F20001C4F20101A6
:109B60008A4216D040F20041C4F201010FE0B2F186
:109B7000804F0ED040F2004107E04EF20001C4F2E7
:109B800000018A4205D04EF20041C4F200018A422F
:109B90000AD107239168C0F201031940062918BFB2
:109BA000B1F5803F3FF498AE116841F001011160BA
:109BB00001B0F0BD000000000068B0F1804F18BF98
:109BC0007047FCF799BD00007047000000000000DE
:109BD00090F88410012901D1022070472421C0F897
:109BE000881001680A680B6822F0005223F0010314
:109BF0000B60002343660A602021C0F8881080F8BB
:109C00008430002070470000D0F88C30202B06D123
:109C100003460120002918BF002A02D17047022004
:109C2000704710B50120D8660020186718461C46FA
:109C300008F0BAFB002818BF10BDE26E012A0ED151
:109C400022682146102313620A6852E8002F0B682D
:109C500042F0100243E80024002CF5D110BD012091
:109C600010BD00000000000010B549F208110446C4
:109C7000C2F20041884208D14DF6D400C2F2004041
:109C800002F06EF80920F8F75BFD49F23020C2F2CD
:109C90000040844240F0A080C06E002840F09C80CC
:109CA00049F208104DF6D401C2F20040C2F2004160
:109CB0004FF4C062FFF7A8FF48F6DC3040F20F41D6
:109CC000C2F20040C4F20201006888426FF008014D
:109CD00010DC6F22C4F20202904220DC3F22C4F268
:109CE0000202904236DC1022C4F20202904256D0A8
:109CF00028224EE040F26F42C4F2020290421ADC87
:109D000040F23F42C4F2020290422ADC40F210428A
:109D1000C4F20202904242D040F2284239E09F222F
:109D2000C4F20202904225DC7022C4F20202904288
:109D300035D088222DE040F29F42C4F202029042C8
:109D40001FDC40F27042C4F20202904227D040F27F
:109D500088421EE04022C4F2020290421FD05822E4
:109D600017E040F24042C4F20202904217D040F2A3
:109D700058420EE0A022C4F2020290420FD0B82254
:109D800007E040F2A042C4F20202904207D040F243
:109D9000B842C4F20202904218BF6FF00401026898
:109DA0001140016049F20460C2F2004001680131D3
:109DB0000160F6F731FF0820F8F7C2FC40F69A0080
:109DC00048F28861C2F20040C2F2004100230288DA
:109DD00081F8A830511C018049F25830C2F200408D
:109DE00084427CD14DF6D4718022C2F20041FFF74B
:109DF0000BFF48F6FC1040F20F41C2F20040C4F2E3
:109E00000201006888426FF0080110DC6F22C4F282
:109E10000202904220DC3F22C4F20202904236DC71
:109E20001022C4F20202904256D028224EE040F2A4
:109E30006F42C4F2020290421ADC40F23F42C4F286
:109E4000020290422ADC40F21042C4F20202904226
:109E500042D040F2284239E09F22C4F202029042EE
:109E600025DC7022C4F20202904235D088222DE017
:109E700040F29F42C4F2020290421FDC40F2704264
:109E8000C4F20202904227D040F288421EE04022F3
:109E9000C4F2020290421FD0582217E040F2404222
:109EA000C4F20202904217D040F258420EE0A022C3
:109EB000C4F2020290420FD0B82207E040F2A04262
:109EC000C4F20202904207D040F2B842C4F2020249
:109ED000904218BF6FF0040102681140016049F21E
:109EE0009C10C2F20040844218BF10BD4DF65201D2
:109EF0008022C2F20041FFF787FE48F6EC2040F2D4
:109F00000F41C2F20040C4F20201006888426FF0C3
:109F1000080110DC6F22C4F20202904220DC3F22D2
:109F2000C4F20202904236DC1022C4F202029042D5
:109F300056D028224EE040F26F42C4F20202904214
:109F40001ADC40F23F42C4F2020290422ADC40F2A4
:109F50001042C4F20202904242D040F2284239E05C
:109F60009F22C4F20202904225DC7022C4F2020257
:109F7000904235D088222DE040F29F42C4F2020286
:109F800090421FDC40F27042C4F20202904227D09D
:109F900040F288421EE04022C4F2020290421FD0EA
:109FA000582217E040F24042C4F20202904217D019
:109FB00040F258420EE0A022C4F2020290420FD0BA
:109FC000B82207E040F2A042C4F20202904207D059
:109FD00040F2B842C4F20202904218BF6FF004018E
:109FE000026811400160BDE8104007F039BC000074
:109FF000704700000000000090F88420012A01D181
:10A0000002207047B0B5012380F884302422C0F8C4
:10A0100088200268D0F864E0BEF1000FD2F800C0DA
:10A02000146824F001041460946824F0606441EA28
:10A03000040191601BD0916848F2907E9368C0F64D
:10A04000010E5B0F48F29875C1F34261C0F601053D
:10A050001EF80340EB5C2401B4FBF3F3A0F86A3074
:10A060001EF80130695C1B01B3FBF1F301E0A0F8BD
:10A070006A30A0F868302021C2F800C0C0F888100B
:10A08000002180F884100020B0BD00000000000016
:10A0900090F88420012A01D102207047B0B5012335
:10A0A00080F884302422C0F888200268D0F864E068
:10A0B000BEF1000FD2F800C0146824F0010414604F
:10A0C000946824F0604441EA040191601BD09168D7
:10A0D00048F2907E9368C0F6010E5B0F48F29875C7
:10A0E000C1F34261C0F601051EF80340EB5C240198
:10A0F000B4FBF3F3A0F86A301EF80130695C1B0171
:10A10000B3FBF1F301E0A0F86A30A0F86830202139
:10A11000C2F800C0C0F88810002180F88410002028
:10A12000B0BD00000000000070470000000000000B
:10A13000704700000000000010B50446206850E899
:10A14000000F216820F0C00041E80002002AF5D18C
:10A15000206850E8020F216820F4000041E8020264
:10A16000002AF5D12068806800061AD5206850E8DA
:10A17000020F216820F0800041E80202002AF5D198
:10A18000E06F70B100210165F9F772FC48B1E06F32
:10A19000FAF72AF8202804D1902203201021A15098
:10A1A00010BD0020A4F85600616EB1F1005F05D12A
:10A1B0002068816941F010018161002088222021FE
:10A1C000A15010BD00000000B0B545F200010446EA
:10A1D0000068C4F20001884212D147F2E015002065
:10A1E000C2F2004584F8840064212846F6F73DFA5F
:10A1F00049F2C4206422C2F200402946FFF704FD60
:10A2000049F23020C2F20040844218BFB0BD4DF682
:10A21000D4614FF48072C2F20041FFF7F5FC48F6BA
:10A22000CC4040F20F41C2F20040C4F2020100688B
:10A2300088426FF0080110DC6F22C4F202029042E3
:10A2400020DC3F22C4F20202904236DC1022C4F22B
:10A250000202904256D028224EE040F26F42C4F2F1
:10A26000020290421ADC40F23F42C4F202029042E3
:10A270002ADC40F21042C4F20202904242D040F284
:10A28000284239E09F22C4F20202904225DC70226B
:10A29000C4F20202904235D088222DE040F29F4263
:10A2A000C4F2020290421FDC40F27042C4F2020289
:10A2B000904227D040F288421EE04022C4F20202BF
:10A2C00090421FD0582217E040F24042C4F20202EE
:10A2D000904217D040F258420EE0A022C4F202028F
:10A2E00090420FD0B82207E040F2A042C4F202022E
:10A2F000904207D040F2B842C4F20202904218BF26
:10A300006FF0040102681140016048F2DC50C2F2B3
:10A310000040016801310160B0BD00000000000094
:10A3200070B5046840F62F01E269114020292168C8
:10A33000A66805D101F0200306F080555B1939D1DC
:10A3400040F60F0313400DD0012340F22015C1F257
:10A350000003C0F2004506EA030C01EA050313EB13
:10A360000C032DD1D306C36E16D5012B14D111F0D9
:10A37000100311D010212162A168490600F1FB8071
:10A38000B0F85C10B0F85E20B0F85E30002B18BF5B
:10A39000914240F05A8170BDD30240F1CA8016F458
:10A3A000800300F0C6804FF480112162BDE8704048
:10A3B000FFF7BEBE416F0029EDD0BDE870400847F1
:10A3C000D30718BF11F4807307D001232362D0F89C
:10A3D000903043F00103C0F89030930706F0010E6F
:10A3E0000AD5BEF1000F07D002232362D0F89030C7
:10A3F00043F00403C0F8903053070AD5BEF1000FB4
:10A4000007D004232362D0F8903043F00203C0F851
:10A41000903013070CD501F0200353EA0C0307D04A
:10A4200008232362D0F8903043F00803C0F890303E
:10A4300013050BD511F0806308D04FF4006323623D
:10A44000D0F8903043F02003C0F89030D0F890302E
:10A45000002BA0D092060AD501F0200106F0805210
:10A46000891804D0416F11B104468847204601681D
:10A47000D0F89020896802F0280201F04001891884
:10A4800006D10446FFF7A0FE0020C4F8900070BD7E
:10A49000016851E8001F026821F4907142E800133E
:10A4A000002BF5D14FF6FE71CEF6FF71026852E82F
:10A4B000022F03680A4043E80226002EF6D1C16E3F
:10A4C000012909D1016851E8001F026821F010013B
:10A4D00042E80013002BF5D12021C0F88C10002198
:10A4E000C166026841679168490640F1A18000BFDA
:10A4F000016851E8021F026821F0400142E802139E
:10A50000002BF5D1D0F88010002900F0918041F6A1
:10A51000795204460846C0F601020A65F9F718FDAB
:10A5200000283FF438AFD4F88000016DBDE87040DA
:10A530000847130606D501F0800306F400069B19B0
:10A5400040F0B380530677D511F0400374D000BFBC
:10A55000016851E8001F026821F0400142E8001341
:10A56000002BF5D12021C0F8881000218167BDE8BB
:10A57000704000F0C9BBD0F88020116849688BB2E8
:10A58000002B4AD0B0F85C60B34246D2A0F85E100F
:10A59000D169B1F5807F34D0016851E8001F0268AD
:10A5A00021F4807142E80013002BF5D1016851E8D5
:10A5B000021F026821F0010142E80213002BF5D1CD
:10A5C000016851E8021F026821F0400142E80213CD
:10A5D000002BF5D12021C0F88C100021C16600BFEE
:10A5E000016851E8001F026821F0100142E80013E1
:10A5F000002BF5D1D0F8801004460846F9F738FA58
:10A60000204602210167B0F85C10B0F85E20891A7C
:10A6100089B2BDE87040FFF727BBB0F85C109942E3
:10A620007FF4B9AED269B2F5807F7FF4B4AE36E084
:10A63000BDE87040FFF7C8BD13023DD511F080435F
:10A640003AD0BDE87040FFF76FBD891A026852E842
:10A65000002F036822F4907243E80026002EF5D103
:10A660004FF6FE72CEF6FF72036853E8023F0668AB
:10A67000134046E80235002DF6D12022C0F88C2088
:10A680000022C266426700BF026852E8002F0368DA
:10A6900022F0100243E80026002EF5D189B20222F2
:10A6A0000267BDE87040FFF7DFBA816F00293FF411
:10A6B00072AEBDE870400847D2017FF56CAEB1F1D3
:10A6C000FF3FC8BF70BDBDE87040FFF791BC000000
:10A6D00010B5D8B10446D0F8880028B9002084F815
:10A6E0008400204600F028F82420C4F88800206860
:10A6F000A16A0268002922F00101016002D020460F
:10A7000007F06AFA204607F01BFC08B1012010BDD3
:10A710002068416821F490414160816821F02A015C
:10A720008160016841F0010101602046BDE81040F0
:10A7300007F0C2BA000000002DE9F047B6B00021D2
:10A740000446CDE93411CDE93211319102A8B82186
:10A75000F5F7ADFF47F2FF712068C4F200018842AF
:10A7600040F38E8047F60001C4F20001884200F0F9
:10A770001C8141F20001C4F20101884200F08B818A
:10A7800041F60041C4F20101884240F0818101207C
:10A79000029002A8002703972097FCF749FC08B114
:10A7A000F8F72EF844F2E04041F20005C5F6020049
:10A7B000C5F6020531AE40F2100801694FF00209FA
:10A7C00041F0800101610169C4F2020801F08001D9
:10A7D00001910199016841F0100101600068314662
:10A7E00000F0100001900198042031903590284627
:10A7F000CDE932973497FBF79BFE08203146CDE92F
:10A8000031090B2035902846CDE93377FBF790FED0
:10A8100048F6EC2508F19000C2F200454FF480663E
:10A8200028607620C5E901072846EF60C5E904677E
:10A83000C5E90677C5E90877FAF71EFA08B1F7F710
:10A84000DFFFC4F8805008F1A800AC6348F6643517
:10A85000C2F200452860772068604020A860002090
:10A86000C5E90306C5E90500C5E907006862284691
:10A87000FAF702FA00284FF09C0640F0FD80FDE058
:10A8800044F20041C4F20001884200F0738145F2B5
:10A890000001C4F20001884240F0FA8002A80026BC
:10A8A00003964FF00209CDF808901F96FCF7C0FB05
:10A8B00008B1F7F7A5FF44F2E04041F20007C5F602
:10A8C0000200C5F6020731AD40F210088168C4F2FB
:10A8D000020841F48011816081684FF0080A01F498
:10A8E000801101910199016841F004010160016842
:10A8F00001F0040101910199016841F00801016032
:10A900000068294600F00800019001984FF480503B
:10A91000CDE93109A7F5006033963496CDF8D4A07F
:10A92000FBF706FE04202946CDE93109A7F5806032
:10A93000CDF8D4A0CDE93366FBF7FAFD48F60C1547
:10A9400008F13000C2F200454FF4806728604120D2
:10A95000C5E901062846EE60C5E90476C5E9066644
:10A96000C5E90866FAF788F908B1F7F749FFC4F8AE
:10A97000805008F59560AC6348F68415C2F2004536
:10A980002860422068604020A8600020C5E90307D5
:10A99000C5E90500C5E9070068622846FAF76CF9C1
:10A9A00000284FF0350667D168E002A8002603961C
:10A9B000022502951F96FCF73BFB08B1F7F720FF35
:10A9C00044F2E04040F21008C5F60200C4F202086A
:10A9D000816841F080418160816801F0804101918E
:10A9E0000199016841F010010160006831A900F08F
:10A9F0001000019001984FF4C07061C1072035909C
:10AA000041F2000031A9C5F602003496FBF790FD33
:10AA100048F6FC154F20C2F200454FF48067C5E9A7
:10AA200001062846C5F80080EE60C5E90476C5E950
:10AA30000666C5E90866FAF71FF908B1F7F7E0FE00
:10AA4000C4F8805008F11800AC6348F67425C2F2CF
:10AA500000452860502068604020A8600020C5E9BB
:10AA60000307C5E90500C5E9070068622846FAF74B
:10AA700003F94FF0520608B1F7F7C2FE0521002294
:10AA80003046E567AC63FBF7FBFE3046FBF7E4FEC0
:10AA900036B0BDE8F0870120029002A80026039698
:10AAA0002096FCF7C5FA08B1F7F7AAFE44F2E04099
:10AAB00040F21008C5F60200C4F20208016941F034
:10AAC00010010161016901F0100101910199016812
:10AAD00041F001010160006841F2000100F0010055
:10AAE0000190C5F6020101984FF4C0603190022038
:10AAF0003496CDE9320607203590A1F5805031A972
:10AB0000FBF716FD48F6DC3508F58060C2F200451B
:10AB10004FF4806728602920C5E901062846EE60C9
:10AB2000C5E90476C5E90666C5E90866FAF7A4F83A
:10AB300008B1F7F765FEC4F8805008F58360AC6390
:10AB400048F65445C2F2004528602A20686040203B
:10AB5000A8600020C5E90307C5E90500C5E90700AD
:10AB600068622846FAF788F800284FF025067FF437
:10AB700083AF83E702A800260396022502951F965D
:10AB8000FCF756FA08B1F7F73BFE44F2E04040F21A
:10AB90001008C5F60200C4F20208816841F40031D1
:10ABA0008160816801F4003101910199016841F0EF
:10ABB00008010160006831A900F0080001900198C7
:10ABC000702061C141F200010720C5F602013590F5
:10ABD000A1F5806031A93496FBF7AAFC48F6CC4574
:10ABE00008F16000C2F200454FF480694FF48037ED
:10ABF00028602B20C5E901062846EE60C5E90496C9
:10AC0000C5E90666C5E90876FAF736F808B1F7F738
:10AC1000F7FDC4F8805008F17800AC6348F644555D
:10AC2000C2F2004528602C2068604020A860002007
:10AC3000C5E90309C5E90500E861C5E908702846CA
:10AC4000FAF71AF800284FF026067FF415AF15E73B
:10AC50007047000000000000704700000000000086
:10AC6000D0F88830202B07D113460122002918BFC5
:10AC7000002B04D11046704702221046704710B5D1
:10AC800001650022A0F854302124A0F85630C0F805
:10AC90009020C0F88840D0F87CC0BCF1000F20D0D4
:10ACA00041F6F96E41F63974C0F6010EC0F60104A2
:10ACB000CCE90FE441F68954C0F60104CCE9134213
:10ACC0000268044628326046FAF7F6FA0146204642
:10ACD00039B11021C0F890102021C0F8881001224D
:10ACE0000DE0016840220A62016851E8021F026813
:10ACF00041F0800142E80213002BF5D10022BDE8AB
:10AD0000104010467047000070470000000000002F
:10AD10007047000000000000FEE700000000000097
:10AD2000B0B586B0D0F8EC4094E82E0004914FF016
:10AD30007E510392029301959DED041A9DED042A24
:10AD40009DED030A9DED033A20EE030AA1EE020AEF
:10AD50009DED021A9DED022AA1EE020A9DED011A57
:10AD60009DED012A0591A1EE020AB1EEC01AB4EEE2
:10AD7000411AF1EE10FA80F198809DED050A80EEFF
:10AD8000010A8DED050A059905916FF0030100BFD9
:10AD900062189DED050A043192ED011A0C2920EE8E
:10ADA000010A82ED010AF3D146F6C8519DED030A6E
:10ADB000C2F20041D0F8002191ED6F1A20EE010A95
:10ADC000B6EE001A20EE010A82ED040A9DED020A99
:10ADD00091ED6F2A20EE020A20EE010A82ED050AAB
:10ADE0009DED040A91ED6F2A20EE420A20EE010A41
:10ADF00082ED0A0A9DED010A91ED6F2A20EE020A0A
:10AE000020EE010A82ED0B0A9DED010A91ED6F2AF9
:10AE100020EE420A20EE010A82ED100A9DED040A9E
:10AE200091ED6F2A20EE420A20EE010A82ED110A0E
:10AE30009DED020A91ED6F2A20EE020A20EE010A32
:10AE400082ED160A9DED030A91ED6F2A20EE420A6B
:10AE500020EE010A82ED170AD0F8F80091ED740A8D
:10AE600090ED1C1A81EE001A90ED230A80ED1C1A59
:10AE700091ED742A44F2000180EE022A9FED0E0A41
:10AE8000C4F21C61B4EE401AF1EE10FA80ED232AF0
:10AE9000C8BF016790ED231AB4EE401AF1EE10FA24
:10AEA000C8BFC0F88C1006B0B0BD05460DF056F80E
:10AEB000B0EE401A284660E700401C460000000043
:10AEC000B0B546F6C8540120C2F200440621002263
:10AED000032384ED6C0AB7EE000A20704CF677402D
:10AEE000C3F22B20C4F8CC0181FEC00A201D00252E
:10AEF00084F83851C4E95055C4E95255C4ED6D0A7F
:10AF000084ED6E1A84ED6F2A84ED740A01F068FCFA
:10AF100004F5E07004F5E4730121012209F070FEEC
:10AF2000D4F8EC004FF07E519022C0E900154AF6AB
:10AF30002151C0E902554AF69970C0F60001C4F8E3
:10AF4000D4104BF2B151C0F60000C4F8D0004AF65C
:10AF5000D970C0F60001C4F8DC1040F20111E1859F
:10AF600048F2B061C0F60000C4F8D800D4F804017B
:10AF7000C0F60101F5F747FB40F20C01D4F8FC00E4
:10AF8000C2F200419022F5F73EFB04F5EE70242159
:10AF9000F5F78DFBB0BD000010B50446D0F8F810F1
:10AFA00040F20C009022C2F20040F5F72CFB44F670
:10AFB000D410D4F81C11C2F200404822F5F723FB4C
:10AFC00044F68C10D4F80C11C2F200404822F5F778
:10AFD0001AFB10BD0000000010B584B00446D0F884
:10AFE000EC0090ED000A90ED011A30EE000A90EDB1
:10AFF000022A90ED033A8DED030A31EE010A49F27F
:10B000009A708DED020A32EE020A8DED010A33EEDE
:10B01000030AC2F200408DED000AA17B0088227B6A
:10B02000484300FB02F1D4F80C01F5F740FB9DED1D
:10B03000010AD4F80C01B1EE400A00F1180C80EDC1
:10B04000000A009941609DED030AB1EE400A80EDCF
:10B05000020A0299C1600299039A009B019C8CE844
:10B060001E00039901639DED020A9DED011AB1EEE8
:10B07000400AB1EE411A80ED0D0A80ED0E1A0099DA
:10B08000C16304B010BD0000B0B52DED0C8B84B0D1
:10B0900046F6C854B6EE00BAC2F2004448F2B061B7
:10B0A000C0F60101902294ED583A94ED594A30EEE1
:10B0B000430A94ED5A3A30EEC44A84ED5B0A31EE0D
:10B0C000431A84ED5C4A20EE0B5A94ED6F3A24EE5D
:10B0D0000B0A84ED5D1A21EE0B4AB0EE628A25EE72
:10B0E000031AB0EE429A20EE030A8DED031A8DED9D
:10B0F000020A24EE030A8DED010AB0EE61AAD4F82B
:10B100000401F5F780FA9DED030AD4F80401B1EECD
:10B11000400A9DED021A9DED012AB1EE411A80ED23
:10B12000010AB1EE420A80ED021A80ED030A03998A
:10B130008161019901629DED020AB1EE400A80ED44
:10B14000090A029901639DED010AB1EE400A80ED02
:10B150000D0A0399C1630199029AC0E912129DED8B
:10B16000030AD4E95212B1EE400A114380ED140AE9
:10B1700009D184ED5EAA002084ED5F9A012184ED5F
:10B18000608AC4E9521094ED5E0A94ED6F2A94ED42
:10B19000641A2AEE024A20EE010A94ED5F5A31EE5B
:10B1A000023A21EE055A29EE026A80EE030A84EE85
:10B1B000034A28EE022A30EE049A94ED604A85EEA6
:10B1C000030A84ED5E9A86EE035A21EE041A82EE9B
:10B1D000032A35EE004A81EE031A84ED5F4A24EE1D
:10B1E000040A32EE012A84ED602AA9EE090AA2EED1
:10B1F000020AB1EEC01AB4EE411AF1EE10FA80F173
:10B20000B581B7EE000A84ED661A80EE010A8DED75
:10B21000000A9DED000AA06829EE000A80ED000AF0
:10B2200094ED5F0A9DED001A20EE010A80ED010AFF
:10B2300094ED600A9DED001A20EE010A80ED020AED
:10B2400094ED5C0A20EE001A94ED5B0AA0EE001A61
:10B2500094ED5D0AA0EE001AB1EEC10AB4EE400A08
:10B26000F1EE10FA80F187819FEDC91A0020B4EE4B
:10B27000410A9FEDC82AF1EE10FAB8BF012094ED03
:10B28000661A0022B4EE421A9FEDC32A94ED6C3A7E
:10B290000023F1EE10FAC8BF0122B4EE421A94ED79
:10B2A0006F1AD4F8181184ED650A23EE010A1040D4
:10B2B00081ED000A002594ED6C0A94ED6F1A20EEE2
:10B2C000010A81ED070A94ED6C0A94ED6F1A20EEE5
:10B2D000010AF1EE10FAB8BF012381ED0E0A94EDD8
:10B2E0006C0A94ED6F1A20EE010A184081ED150AE0
:10B2F00094ED6D0A84F8390194ED6F1A20EE010A7D
:10B30000D4F81C0181ED1C0A94ED6D0A94ED6F1ABE
:10B3100020EE010A81ED230AD4F8B8110160D4F8B7
:10B32000B8110161D4F8B8110162201D01F054FD7B
:10B330006068F0EE4B0A90ED001A84ED541A90ED1F
:10B34000012A84ED552A90ED023A84ED563A90EDAB
:10B35000034AE2EE420A23EE040A04F5D07084EDBB
:10B36000574AE3EE430AA1EE020A09F0D5FA94ED3A
:10B37000548A94ED55AA94ED569A94ED57CA29EE45
:10B38000480AB8EE001A94ED682A9FED84DAAAEE16
:10B390000C0A20EE010A22EE0D1A84ED681A0CF058
:10B3A0001DFB2CEE081AF0EE4B0A20EE0D0A04F5F8
:10B3B000D47084ED690AE9EE490AAAEE091AECEEA6
:10B3C0004C0AB0EE410A09F0A7FA94ED6A0A6068E7
:10B3D00060EE0D0A94ED760AC4ED6A0A9FED701ACC
:10B3E0000169C4F8601130EEC00A4069C4F8640114
:10B3F000C4F86851B4EE410AF1EE10FA02DD4FF6DE
:10B40000FF7007E09FED671AB4EE410AF1EE10FA03
:10B4100005DA0120B4F8D4110844A4F8D401B0EE40
:10B420004B5A94ED554AB4F9D40194ED546A94ED15
:10B43000563A24EE062AA4EE445A01EE100A23EEF0
:10B44000460A94ED577AA3EE072AF0EE603AF8EE3A
:10B45000C11ADFED552AA4EE070AC4ED760AB0EE54
:10B46000451A201FE1EEA23ADFED501A62EE214AA2
:10B470000321A3EE431A60EE212AC4ED6B3A74EE69
:10B48000A40AD4ED5E3A9FED3E8B72EEA22A61EEE5
:10B49000211A9FED3D9B73EEE22AD4ED5F3A71EEE7
:10B4A000A11AC4ED772A73EEE00AD4ED603AC4ED38
:10B4B000780AF1EE430A73EEE11AC4ED791AF1EE5F
:10B4C000441A00BFD0ED7B2A0139B7EEE2AAD0EDD5
:10B4D000782AB7EEE2CA2AEE08ABACEE09ABF7EE7B
:10B4E000CA2BC0ED782AC0ED7B2A00F10400E9D117
:10B4F00067EE463AA0EE83BA63EE062AE4EE033A1C
:10B5000066EE211AA7EE475A27EE066AA7EE47BA5B
:10B51000E3EE071AA4EE036A94ED783AE4EE072A04
:10B5200094ED777A23EE834A25EE035A22EE032A1E
:10B5300094ED793AABEE074AA6EE075AA0EE072A39
:10B54000A2EE834AA1EE835AA1EE032A34EE040A46
:10B5500035EE051A84ED7D0A32EE020A84ED7E1A7C
:10B5600084ED7F0A04B0BDEC0C8BB0BD0CF0F6FC92
:10B57000B0EE401A45E6B0EE410A0CF0EFFC73E67F
:10B58000666666666666EE3F9A9999999999A93FAB
:10B590009A99993ECDCC1441CDCC2441E12E6542FF
:10B5A00000003443000034C30000B443C3F51C4121
:10B5B0002DE9F04F85B000F1780500F180090446CF
:10B5C0002846494609F048FD274684F8C800B4F8E3
:10B5D000780004F1580127F8A80FB4F85A00A4F82D
:10B5E000AA0028463A46009109F0CEFCA34684F80A
:10B5F000C800388849462BF8B00FB4F88200A4F888
:10B60000B20038465A4609F0BFFC2146254684F868
:10B61000C800584651F8902F45F8A02F2A4609F047
:10B62000CFFA84F8C8002846594609F0EDFAA24638
:10B63000B4F8781084F8C8004FF4C0752AF8B81F21
:10B64000DAF83410DAF8740091E84C00C968049212
:10B650000393029646F6C85601910121AAF80210FA
:10B66000C2F200469DED030A9DED011A9DED042AEC
:10B670009DED023A23EE422AA0EE012A32EE020AA2
:10B6800080ED000A9DED040A9DED031A9DED022A4E
:10B690009DED013A22EE032AA0EE012A32EE020AC3
:10B6A00080ED010A9DED040A9DED041A9DED032A2B
:10B6B0009DED033A23EE422AA0EE012A9DED020AF7
:10B6C0009DED021AA0EE412A9DED010A9DED011AA1
:10B6D000A0EE012A80ED022AD4F82C01284410EDB6
:10B6E000600AB0EEC00A09F023FA70190435B5F506
:10B6F000C67F80ED010AEFD1204625464FF00108B4
:10B7000030F8481F25F8C01F51462A46A5F8028088
:10B7100009F082FC2872288825F8180C584629461A
:10B720003A4625F8168C09F02FFC2872288825F84F
:10B73000060C2846514625F8088C09F08DFC287225
:10B7400006F5E0725046394609F01EFCB6EE000AD6
:10B7500096ED731A287221EE002A96ED720AB4EE65
:10B76000420AF1EE10FAB8BF86F8388196F838012F
:10B77000B4EE410AF1EE10FA17DDB0B1D6E950216E
:10B7800096F83901013241F10001002804BF024658
:10B790000146B2F1330071F10000C6E95021C0F05A
:10B7A000B980002086F838011CE09FED693A31EE3F
:10B7B000402A21EE033A9FED654A21EE041A000665
:10B7C0004FF0000082EE032AB7EE003AB4EE410AD1
:10B7D000C6E9500003FE022AF1EE10FA32FE030A17
:10B7E00086ED670A002184F82C10B4F858100098F0
:10B7F000A4F8A810B4F88210A4F8AA1049463A4652
:10B8000009F0C2FB04F1980884F8C800384659468C
:10B81000424609F0B9FBB4F898C084F8C800B4F8FF
:10B820009A2002FB0CF28AB1D4F81C0100270023F5
:10B8300000EB87010133DFB296ED670A91ED001A44
:10B84000BA4220EE010A81ED000AF1D8D4F81C01B9
:10B8500004229FED400A00BF06EB82012C2701F570
:10B86000BA7300BF93ED001AC11981EE001A0437B4
:10B8700091ED012A382F21EE021A81ED011AF1D142
:10B8800001320C30062AE7D10120A4F8BA00404664
:10B8900029465246A4F8B8C009F076FB96F838114C
:10B8A00084F8C80031B3D4F8BC00002110309FEDFB
:10B8B0002A0A9FED2A1A00BF96ED6F2A421822EE3F
:10B8C000002A043192ED003AB4EE423AF1EE10FA59
:10B8D000C8BF82ED002A96ED6F2A92ED003A22EE63
:10B8E000012AB4EE423AF1EE10FAB8BF82ED002A16
:10B8F0000829E1D1D4F8BC00002104F13002C16074
:10B9000004F13800514609F05BF984F8C80005B02D
:10B91000BDE8F08F49F29A75217BC2F20045288874
:10B9200001FB00F2D4E93A01F4F76DFE2888217B8F
:10B93000484300FB01F2D4E93E01F4F764FE012024
:10B9400084F82C0005B0BDE8F08F00BFCDCCCC3D15
:10B950006666663FDA0FC93F0AD7233C0AD723BC85
:10B96000DFED1F0AB2EE040AF7EE001AB0EE602A0D
:10B970009FED1A1ADFED1B2AFFF7A2FA47F2D42037
:10B9800040F21452C2F20040C2F200429FED160A89
:10B990000021DFED160A03F087FA9FED150A02F089
:10B9A00073FC00BFF5F720FB0028FBD141F2000437
:10B9B000C5F602040BF034FE4FF40051012220467C
:10B9C000FAF78AFE00F090F84FF40051002220466A
:10B9D000FAF782FE012009F093FFEDE78096184BFD
:10B9E0006F12833A000000000000FA440000484350
:10B9F00000007A440000000080B50AF011FC4EF20D
:10BA000058509FED331AC2F2004049F238519FED71
:10BA1000313AC2F2004190ED000A40F2345080EE1B
:10BA2000010AC2F2004091ED001A91ED012A90ED59
:10BA3000005A31EE422A20EE034AB7EE000A48F2DD
:10BA40007C614EF26450C2F200419FED231A30EE49
:10BA5000456AC2F2004082EE017A91ED002AD0EDF3
:10BA6000000A80ED004A26EE026AC0ED010A34EEBB
:10BA7000602AA5EE076AB4EE432AF1EE10FA81EDD2
:10BA8000006A02DD9FED173A08E09FED143AB4EE2C
:10BA9000432AF1EE10FA03DA9FED113A32EE032A4F
:10BAA00040F2385082EE011AC2F2004090ED003AA6
:10BAB00048F2806030EE430AC2F2004090ED002A66
:10BAC00020EE020AA3EE010A80ED000A80BD00BF4D
:10BAD00000003443DA0F49406F12033BDA0F49C0CC
:10BAE000DA0FC940DA0FC9C0B0B548F60C0548F204
:10BAF000E054C2F20045C2F2004449F68C022846E6
:10BB0000C2F200422146F5F77BFA40F25C50C2F2E5
:10BB100000400178012956D0022956D148F6180074
:10BB200095ED021AC2F2004095ED015A95ED003AEA
:10BB300090ED020A90ED012A31EE401A90ED000AD4
:10BB400075EE420A9FED252A33EE400AC5ED010A43
:10BB5000B0EEC14A85ED000AB4EE442A9FED202ADA
:10BB6000F1EE10FA32FE011AD4EC031A85ED021A36
:10BB7000FFF78AFAF7F764F849F2D460B1EE400AA9
:10BB8000C2F2004080ED000AF7F762F849F2345043
:10BB9000B1EE400AC2F2004080ED000AF7F760F80B
:10BBA0004EF25850C2F2004080ED000A48F2EC50CC
:10BBB000C2F2004003F0C8FB48F2F850C2F2004065
:10BBC00003F0D2FB01E00221017044F61C20C2F216
:10BBD0000040016801310160B0BD00BFA69B443B3D
:10BBE000000000000000000040F61010C2F200400B
:10BBF000807A70470000000040F61010C2F200404A
:10BC0000C08870470000000046F6B850C2F20040FD
:10BC1000008970470000000040F6101046F6B85149
:10BC2000C2F20040C2F2004100894989401A00B2C4
:10BC3000704700000000000040F61010C2F2004003
:10BC4000007870470000000080B549F208104DF6FA
:10BC5000D401C2F20040C2F200414FF4C062FDF7CD
:10BC6000D3FF48F6DC3040F20F41C2F20040C4F28C
:10BC70000201006888426FF0080110DC6F22C4F2F4
:10BC80000202904220DC3F22C4F20202904236DCE3
:10BC90001022C4F20202904256D028224EE040F216
:10BCA0006F42C4F2020290421ADC40F23F42C4F2F8
:10BCB000020290422ADC40F21042C4F20202904298
:10BCC00042D040F2284239E09F22C4F20202904260
:10BCD00025DC7022C4F20202904235D088222DE089
:10BCE00040F29F42C4F2020290421FDC40F27042D6
:10BCF000C4F20202904227D040F288421EE0402265
:10BD0000C4F2020290421FD0582217E040F2404293
:10BD1000C4F20202904217D040F258420EE0A02234
:10BD2000C4F2020290420FD0B82207E040F2A042D3
:10BD3000C4F20202904207D040F2B842C4F20202BA
:10BD4000904218BF6FF0040102681140016080BD8D
:10BD500044F62020C2F20040007870470000000046
:10BD6000002833D0B0B540F6EC050446C2F20045D9
:10BD700000792871206828602078A52828D105211D
:10BD8000204607F011FE012824D1607800F1090156
:10BD9000204607F0D5FD01281CD1B4F80500B0F508
:10BDA000827F19DBA0F201210C2932D8DFE801F0F3
:10BDB00007609671C67C83A4ABC6C6C6B20040F6C7
:10BDC0001011E07CC2F20041087358E00120704776
:10BDD0000020C9E00020BBE002280BDC012827D0AE
:10BDE000022840F0AB8040F6F101E079C2F2004158
:10BDF0000870A3E003282AD040F20111884240F0E5
:10BE00009D8040F6C800D4F80710C2F200400160DF
:10BE100094E0B0F5827F00F0888040F205118842FE
:10BE200040F08C80607A40F6BC01C2F2004181E0B3
:10BE300040F62012D4F80700C2F20042D4F80B10EA
:10BE4000D4F80E30C2F80730C2E9000176E040F6BF
:10BE5000F400D4F80710C2F200400160D4F80B10CF
:10BE60004160D4F80F108160D4F81310C16065E010
:10BE700046F6B851B4F81300C2F200418881D4F8F4
:10BE800007000860D4F80B004860D4F80F00886001
:10BE900054E040F6A802D4F80700C2F20042D4F8F9
:10BEA0000B10C2E9000149E047F2AD11E079C2F29E
:10BEB0000041087042E047F2772149F24E72C2F227
:10BEC0000041C2F20042D4F80A00C1F80300108811
:10BED000D4F807300B60013010802FE040F60410DA
:10BEE000D4F80710C2F200400160D4F80B10416092
:10BEF000D4F80F10816021E0B4F80B0040F6B001D7
:10BF0000C2F200410CE047F2A811E07AC2F200410F
:10BF1000087106E0B4F80B0047F27121C2F200414B
:10BF20008880D4F80700086008E0607A47F2A4111E
:10BF3000C2F200418870B4F807000880B5F801002B
:10BF4000204410F8091FA52901D1FFF709FF01209E
:10BF5000B5F80110214411F8092FA52A04D104468F
:10BF60000846FFF7FDFE204644F62021C2F20041BC
:10BF70000870B0BD000000002DE9F04749F29C7741
:10BF80000426C2F200470446017308253E8049F2A8
:10BF90009876C2F2004642738373002020741846DC
:10BFA0003580894690469A4609F022FE51466061E6
:10BFB000F4F75BFB388800FB0AF009F019FE3988BA
:10BFC000A06101FB0AF1F4F772FB388800FB0AF06C
:10BFD00009F00EFE3988E06101FB0AF1F4F767FB16
:10BFE000388800FB09F009F003FE3988206201FB64
:10BFF00009F1F4F75CFB504609F0FAFD5146606226
:10C00000F4F733FB388800FB09F009F0F1FD3988BB
:10C01000206001FB09F1F4F74AFB388800FB0AF0C5
:10C0200009F0E6FD3988606001FB0AF1F4F73FFB97
:10C03000388800FB08F009F0DBFD3988A06001FBBF
:10C0400008F1F4F734FB388800FB09F009F0D0FD63
:10C050003988C4F8F00001FB09F1F4F728FB217BD3
:10C0600004F13000D4F8F030012208F0C9FD38881E
:10C0700000FB09F009F0BCFD3988C4F8F40001FBAD
:10C0800009F1F4F714FB217B04F13800D4F8F43003
:10C09000012208F0B5FDB8F1000F13D0388800FB7D
:10C0A00008F009F0A5FD3988C4F8F80001FB08F193
:10C0B000F4F7FDFA617B04F14000D4F8F830012276
:10C0C00008F09EFD388800FB0AF009F091FD3988E0
:10C0D000C4F8FC0001FB0AF1F4F7E9FAA17B04F1D2
:10C0E0004800D4F8FC30012208F08AFD388809FBAA
:10C0F00009F6704309F07CFD3988C4F800017143EA
:10C10000F4F7D5FA217B04F15000D4F800310A4647
:10C1100008F076FD3888704309F06AFD3988C4F864
:10C1200004017143F4F7C3FA217B04F15800D4F8F9
:10C1300004310A4608F064FD3888704309F058FD60
:10C140003988C4F808017143084609F051FD39885F
:10C15000C4F80C01D4F808017143F4F7A8FA388840
:10C1600006FB00F1D4F80C01F4F7A1FA217B04F1ED
:10C170006000D4F808310A4608F042FD217B04F142
:10C180006800D4F80C310A4608F03AFDB8F1000F07
:10C1900013D0388808FB09F5684309F029FD398870
:10C1A000C4F814016943F4F782FA217B04F17800A2
:10C1B000627BD4F8143108F023FD38880AFB09F5B6
:10C1C000684309F015FD3988C4F818016943084629
:10C1D00009F00EFD3988C4F81C01D4F81801694330
:10C1E000F4F765FA388805FB00F1D4F81C01F4F780
:10C1F0005EFA227B04F18000A17BD4F8183108F0AC
:10C20000FFFC217B04F18800A27BD4F81C3108F0EC
:10C21000F7FC3888704309F0EBFC3988C4F820013A
:10C220007143F4F744FA217B04F19000D4F82031F3
:10C230000A4608F0E5FC38880AFB0AF6704309F064
:10C24000D7FC3988C4F824017143F4F730FAA17B94
:10C2500004F19800D4F824310A4608F0D1FC38885B
:10C26000684309F0C5FC3988C4F828016943F4F72C
:10C270001EFA217B04F1A000A27BD4F8283108F03B
:10C28000BFFC3888217B4843484309F0B1FC39881A
:10C29000227BC4F82C0151435143084609F0A8FC05
:10C2A0003988227BC4F8300151435143084609F0D4
:10C2B0009FFC3988227BC4F834015143084609F0B9
:10C2C00097FC3988227BC4F838015143084609F0AD
:10C2D0008FFC217BC4F83C0104F1A800D4F82C3178
:10C2E0000A4608F08DFC217B04F1B000D4F830310F
:10C2F0000A4608F085FC217B04F1B800D4F83431FB
:10C300000A4608F07DFC217B04F1C000D4F83831E6
:10C31000012208F075FC217B04F1C800D4F83C31FF
:10C32000012208F06DFC002084F82C00A062BDE81A
:10C33000F0870000000000002DE9F0410446C07BBA
:10C3400049F29C780028C2F200487BD0B8F800007F
:10C35000A17B0022227401FB00F2D4F8FC0061688A
:10C36000F4F751F9B8F80000A17B41436068F4F795
:10C370009EF9B8F80000A17B48434143D4F824015A
:10C38000F4F795F9B8F80000217BA27B484300FB45
:10C3900002F1D4F81801F4F78AF9A07B50B3002019
:10C3A000002104E0A27B01310430914222D2D4F872
:10C3B000FC20131893ED000AB5EE400AF1EE10FAD6
:10C3C000F0D0237C666A02EB830282ED000AF1540E
:10C3D000227B237CD4E905565A43D4F818716D5C4E
:10C3E00007EB8202375802EB850242F8047C5A1CA4
:10C3F0002274D7E7267C8EB1606A0423E16903EBDF
:10C400008603D4F82421451E304600BF15F8017F6D
:10C41000013851F8277017601A44F7D1207BA4F82F
:10C420008060A4F88200A4F88800A4F88A60A4F8C8
:10C430009860A4F89A60A4F8A000A4F8A260A4F8F8
:10C44000486010E0B8F80000A17B01FB00F2D4F8CE
:10C45000FC006168F4F7D7F8B8F80000A17B41430D
:10C460006068F4F724F9B8F80000617B01FB00F282
:10C47000D4F8F800A168F4F7C6F8BDE8F081000030
:10C4800090F82A10002918BF70472DE9F04381B0B9
:10C4900000F1800600F1880905463046494608F05B
:10C4A000DBFD2C4685F8D000B5F8800005F1580872
:10C4B00024F8B00FB5F85A00A5F8B200304641464E
:10C4C000224608F061FD2F4685F8D00020884946B5
:10C4D00027F8B80FB5F88A00A5F8BA0020463A4602
:10C4E00008F052FD29462E4685F8D000384651F80E
:10C4F000982F46F8A82F324608F062FB85F8D00046
:10C500003046394608F080FB85F8D000B5F8580071
:10C510002080B5F88A00A5F8B20040464946224678
:10C5200008F032FD85F8D000A6F108022046394611
:10C5300008F02AFD85F8D00001B0BDE8F04370474F
:10C540002DE9F0410446FFF7F7FED4F8D41009B105
:10C5500020468847204600F0BFF8D4F8D81009B12B
:10C560002046884794F8290050BB04F1600504F187
:10C5700068062846314608F06FFD04F1580784F834
:10C58000D00004F1500128463A4608F0FDFC25464B
:10C59000B4F8581084F8D00025F8B01F314635F8AB
:10C5A000460C2A466880384608F0EEFC84F8D00035
:10C5B000A5F1200128463A4608F002FB84F8D00095
:10C5C000D4F8DC1009B120468847207C49F29C78D9
:10C5D000C2F20048D0B32046FFF752FFD4F8E01073
:10C5E00009B120468847204600F0B6F8D4F8E41098
:10C5F00009B12046884794F82C00E8BB2046254620
:10C6000030F8A02F25F8B02F2E4635F82E3CA5F196
:10C61000300126F8082F35F8562C6A812A466B809F
:10C62000A5F1580708F0B0FC85F8200028463946E7
:10C63000324608F0A9FC85F82000A5F160023846D2
:10C64000314608F0E9FC85F8200015E0E07B002881
:10C65000C1D0B8F80000217B01FB00F2D4E93C0115
:10C66000F3F7D1FFB8F80000217B484300FB01F24B
:10C67000D4E94001F3F7C7FFD4F8E81009B1204628
:10C680008847277BAFB10420216AD4F8002100EB52
:10C690008703384692ED001A91ED000AB4EE401A75
:10C6A0000431F1EE10FAB8BF82ED000A01381A44E5
:10C6B000F0D1B8F80000D4F8F01000FB07F22068C1
:10C6C000F3F7A1FFD4F8EC1009B1204688472068A1
:10C6D000BDE8F0810000000090F82810002918BF84
:10C6E000704770B5417B31B30446017B00F16002B5
:10C6F000012624F8C01F00F13001A0F8C2600546F1
:10C700001046224608F040FC297B25F8C81FA5F1F9
:10C7100088012872A5F150002A466E8008F034FC8A
:10C720002872A5F190022046294608F049FA28729D
:10C73000BDE87040704700F1600300F1300100F186
:10C7400038020446184608F01FFC84F8D000BDE803
:10C75000704070470000000090F82B10002918BFAF
:10C7600070472DE9F04381B00146044600F13808D6
:10C770004FF0010931F8802FA0F8C29024F8C02FA3
:10C78000064608464146224608F0FEFB86F8D000E1
:10C7900030463546A6F8CA9030F8481F25F8C81F1D
:10C7A00021462A4608F038FC374686F8D00029464C
:10C7B000224637F8A00FA6F8C2902080384608F02D
:10C7C000E3FB86F8D000A7F170024046214608F04E
:10C7D000F7F986F8D00001B0BDE8F04370470000DB
:10C7E0002DE9F04749F29A770426C2F20047044641
:10C7F000017308253E8049F29676C2F200464273E4
:10C8000083730020207418463580894690469A46E6
:10C8100009F0EEF951466061F3F727FF388800FB15
:10C820000AF009F0E5F93988A06101FB0AF1F3F794
:10C830003EFF388800FB0AF009F0DAF93988E06138
:10C8400001FB0AF1F3F733FF388800FB09F009F028
:10C85000CFF93988206201FB09F1F3F728FF504630
:10C8600009F0C6F951466062F3F7FFFE388800FB15
:10C8700009F009F0BDF93988206001FB09F1F3F7EF
:10C8800016FF388800FB0AF009F0B2F939886060B9
:10C8900001FB0AF1F3F70BFF388800FB08F009F001
:10C8A000A7F93988A06001FB08F1F3F700FF388889
:10C8B00000FB09F009F09CF93988C4F8E80001FB95
:10C8C00009F1F3F7F4FE217B04F13000D4F8E830ED
:10C8D000012208F095F9388800FB09F009F088F981
:10C8E0003988C4F8EC0001FB09F1F3F7E0FE217B85
:10C8F00004F13800D4F8EC30012208F081F9B8F1E5
:10C90000000F13D0388800FB08F009F071F939885E
:10C91000C4F8F00001FB08F1F3F7C9FE617B04F1F4
:10C920004000D4F8F030012208F06AF9388800FBA2
:10C930000AF009F05DF93988C4F8F40001FB0AF146
:10C94000F3F7B5FEA17B04F14800D4F8F4300122DE
:10C9500008F056F9388809FB09F6704309F048F9E0
:10C960003988C4F8F8007143F3F7A1FE217B04F184
:10C970005000D4F8F8300A4608F042F9388870437D
:10C9800009F036F93988C4F8FC007143F3F78FFEDB
:10C99000217B04F15800D4F8FC300A4608F030F945
:10C9A0003888704309F024F93988C4F800017143CC
:10C9B000084609F01DF93988C4F80401D4F80001CB
:10C9C0007143F3F774FE388806FB00F1D4F80401D4
:10C9D000F3F76DFE217B04F16000D4F800310A46C4
:10C9E00008F00EF9217B04F16800D4F804310A46FE
:10C9F00008F006F9B8F1000F13D0388808FB09F5E4
:10CA0000684309F0F5F83988C4F808016943F3F779
:10CA10004EFE217B04F17000627BD4F8083108F0EF
:10CA2000EFF838880AFB09F5684309F0E1F839881E
:10CA3000C4F80C016943084609F0DAF83988C4F8EB
:10CA40001001D4F80C016943F3F731FE388805FB77
:10CA500000F1D4F81001F3F72AFE227B04F17800EC
:10CA6000A17BD4F80C3108F0CBF8217B04F18000D5
:10CA7000A27BD4F8103108F0C3F83888704309F06D
:10CA8000B7F83988C4F814017143F3F710FE217B1D
:10CA900004F18800D4F814310A4608F0B1F8388857
:10CAA0000AFB0AF6704309F0A3F83988C4F81801A4
:10CAB0007143F3F7FCFDA17B04F19000D4F8183129
:10CAC0000A4608F09DF83888684309F091F83988DB
:10CAD000C4F81C016943F3F7EAFD217B04F19800D7
:10CAE000A27BD4F81C3108F08BF83888217B4843AE
:10CAF000484309F07DF83988227BC4F8200151436E
:10CB00005143F3F7D4FD3888217B4843484309F06B
:10CB10006FF83988227BC4F8240151435143F3F75D
:10CB2000C6FD3888217B4843484309F061F83988BD
:10CB3000227BC4F8280151435143F3F7B8FD3888EC
:10CB4000217B484309F054F83988227BC4F82C0132
:10CB50005143F3F7ACFD3888217B484309F048F88E
:10CB60003988227BC4F83001D4F82C015143F3F703
:10CB70009EFD217B04F1A000D4F820310A4608F084
:10CB80003FF8217B04F1A800D4F824310A4608F0CC
:10CB900037F8217B04F1B000D4F828310A4608F0B8
:10CBA0002FF8217B04F1B800D4F82C31012208F0D1
:10CBB00027F8217B04F1C000D4F83031012208F0BD
:10CBC0001FF8002084F82C00A062BDE8F087000068
:10CBD0002DE9F0410446C07B49F29A780028C2F260
:10CBE00000487BD0B8F80000A17B0022227401FB32
:10CBF00000F2D4F8F4006168F3F705FDB8F800001E
:10CC0000A17B41436068F3F752FDB8F80000A17BB7
:10CC100048434143D4F81801F3F749FDB8F8000040
:10CC2000217BA27B484300FB02F1D4F80C01F3F70F
:10CC30003EFDA07B50B30020002104E0A27B013127
:10CC40000430914222D2D4F8F420131893ED000A54
:10CC5000B5EE400AF1EE10FAF0D0237C666A02EBE2
:10CC6000830282ED000AF154227B237CD4E905562D
:10CC70005A43D4F80C716D5C07EB8202375802EB13
:10CC8000850242F8047C5A1C2274D7E7267C8EB1B8
:10CC9000606A0423E169D4F8182103EB8603451E7A
:10CCA000304600BF15F8017F013851F82770176032
:10CCB0001A44F7D1207BA4F87860A4F87A00A4F88D
:10CCC0008000A4F88260A4F89060A4F89260A4F8B0
:10CCD0009800A4F89A60A4F8486010E0B8F8000042
:10CCE000A17B01FB00F2D4F8F4006168F3F78BFC40
:10CCF000B8F80000A17B41436068F3F7D8FCB8F8AE
:10CD00000000617B01FB00F2D4F8F000A168F3F7AA
:10CD10007AFCBDE8F081000090F82A10002918BFC5
:10CD200070472DE9F04381B000F1780600F18009E9
:10CD300005463046494608F08FF92C4685F8C8006C
:10CD4000B5F8780005F1580824F8A80FB5F85A008E
:10CD5000A5F8AA0030464146224608F015F92F46AC
:10CD600085F8C8002088494627F8B00FB5F882003A
:10CD7000A5F8B20020463A4608F006F929462E46A4
:10CD800085F8C800384651F8902F46F8A02F324653
:10CD900007F016FF85F8C8003046394607F034FF23
:10CDA00085F8C800B5F858002080B5F88200A5F8CD
:10CDB000AA0040464946224608F0E6F885F8C80031
:10CDC000A6F108022046394608F0DEF885F8C800CA
:10CDD00001B0BDE8F04370472DE9F0410446FFF78C
:10CDE000F7FED4F8CC1009B120468847204600F061
:10CDF000BFF8D4F8D01009B12046884794F829002C
:10CE000050BB04F1600504F168062846314608F07D
:10CE100023F904F1580784F8C80004F150012846AA
:10CE20003A4608F0B1F82546B4F8581084F8C8001E
:10CE300025F8A81F314635F83E0C2A46688038464A
:10CE400008F0A2F884F8C800A5F1200128463A4667
:10CE500007F0B6FE84F8C800D4F8D41009B1204613
:10CE60008847207C49F29A78C2F20048D0B3204625
:10CE7000FFF752FFD4F8D81009B120468847204662
:10CE800000F0B6F8D4F8DC1009B12046884794F8D1
:10CE90002C00E8BB2046254630F8982F25F8A82F0F
:10CEA0002E4635F82E3CA5F1300126F8082F35F82E
:10CEB0004E2C6A812A466B80A5F1500708F064F871
:10CEC00085F8200028463946324608F05DF885F896
:10CED0002000A5F158023846314608F09DF885F843
:10CEE000200015E0E07B0028C1D0B8F80000217BCD
:10CEF00001FB00F2D4E93A01F3F785FBB8F8000032
:10CF0000217B484300FB01F2D4E93E01F3F77BFBB0
:10CF1000D4F8E01009B120468847277BAFB1042040
:10CF2000216AD4F8F82000EB8703384692ED001A06
:10CF300091ED000AB4EE401A0431F1EE10FAB8BFD8
:10CF400082ED000A01381A44F0D1B8F80000D4F894
:10CF5000E81000FB07F22068F3F755FBD4F8E41063
:10CF600009B1204688472068BDE8F0810000000034
:10CF700090F82810002918BF704770B5417B31B375
:10CF80000446017B00F16002012624F8B81F00F17D
:10CF90003001A0F8BA6005461046224607F0F4FFBB
:10CFA000297B25F8C01FA5F180012872A5F150004A
:10CFB0002A466E8007F0E8FF2872A5F18802204615
:10CFC000294607F0FDFD2872BDE87040704700F16A
:10CFD000600300F1300100F138020446184607F002
:10CFE000D3FF84F8C800BDE870407047000000001F
:10CFF00090F82B10002918BF70472DE9F04381B03D
:10D000000146044600F138084FF0010931F8782F45
:10D01000A0F8BA9024F8B82F0646084641462246A2
:10D0200007F0B2FF86F8C80030463546A6F8C29031
:10D0300030F8481F25F8C01F21462A4607F0ECFFAC
:10D04000374686F8C8002946224637F8980FA6F8D2
:10D05000BA902080384607F097FF86F8C800A7F1FD
:10D0600068024046214607F0ABFD86F8C80001B0D3
:10D07000BDE8F0437047000048F2FC440020C2F2D3
:10D0800000448021A4F102082122434621FA00F73E
:10D0900023F8022F17F0640F4FF042071A8200F1B5
:10D0A000010008BF212708281F84EFD149F2BC05E1
:10D0B0000421C2F200454F2328462246FCF7E0FB3C
:10D0C00004214F2328462246FCF7DAFB00202121C9
:10D0D00004EB400224F8101001300828118211845A
:10D0E000F6D149F2BC050421C2F200454F2328467F
:10D0F0002246FCF7C5FB02F08FFB47F2D0298026C1
:10D10000C2F20049212709E004214F232846224684
:10D11000FCF7B6FB4FF4FA7008F0F2FB99F8000048
:10D1200001282BD0022853D16FF00700414600BFE1
:10D1300000F1080226FA02F212F0320F4FF042021A
:10D1400008BF2122013021F8022F0A820F84EFD379
:10D1500004214F2328462246FCF792FB4FF4FA7035
:10D1600008F0CEFB002000BF04EB400124F8107053
:10D17000013008280F820F84F6D1C5E76FF0070051
:10D18000414600BF00F1080226FA02F212F0320F07
:10D190004FF0420208BF2122013021F8022F0F82F6
:10D1A0000F84EFD304214F2328462246FCF768FB67
:10D1B0004FF4FA7008F0A4FB002000BF04EB40011C
:10D1C00024F81070013008280F820F84F6D19BE7F5
:10D1D000642008F095FBA1E780B5A0F1040C4FF0A6
:10D1E000000E00BF00236046CA181833F02B92EDE2
:10D1F000001A92ED012AA2EE001A92ED022A92ED97
:10D20000033AA2EE201A20EE032A92ED043AA2EE8F
:10D21000001A20EE032A92ED053A00F10402A2EE74
:10D22000201A20EE832AA2EE201A80ED011A104661
:10D23000DAD10EF1010EF031BEF1040F0CF1280C21
:10D24000D0D180BD000000002DE9F04381B02DED6C
:10D25000068B48F2646049F22054C2F20040C2F2E8
:10D26000004449F228559FEDA31A0068206049F652
:10D270000000C2F20045C2F2004049F22459C2F255
:10D28000004940F208780068286049F60C004EF228
:10D290006051C2F2004049F22C57C2F20048C2F27B
:10D2A0000041067848F28060C2F20040C2F20047B6
:10D2B000012ED8ED000A90ED000A40F2605001FE08
:10D2C000009AC2F2004089ED000A91ED00AA90EDAB
:10D2D000002A40F2085001FE028AC2F20040012EEC
:10D2E00087ED00AA90ED002A40F2045002FE011AD8
:10D2F000C2F2004090ED002A40F20C7032EE010ABA
:10D30000C2F2004090ED001A02F03EF840F2644094
:10D3100095ED005AC2F2004094ED004A97ED006A84
:10D32000012E90ED011A90ED002A21EE051A90EDE4
:10D33000023A90ED147AD0ED1F0A48F2A43188ED3C
:10D34000000AA2EE041A90ED152A25EE022AC2F276
:10D350000041A3EE061A90ED0B3AA7EE042AB1EEB7
:10D360004A7A25EE033A25EE205ADFED630A00FEE5
:10D37000877AD0ED0A0AA0EE843AD0ED1E0AA0EE1C
:10D38000845A90ED164AA4EE072A90ED0C4AA4EEBA
:10D39000063A90ED174A91ED1E6AD0ED030AA4EE0D
:10D3A000492A90ED204AA4EE075A99ED004A38EE3A
:10D3B000467AA0EEC41AD0ED0D0AA0EEC43A90ED64
:10D3C000184AA4EE072A90ED214AA4EE495A90ED9E
:10D3D000044AA4EE461A90ED0E4AA4EE463A90EDA9
:10D3E000224AA4EE465A91ED1F4A90ED056A48F292
:10D3F0005041A6EE441A90ED0F6AA6EE443A90ED25
:10D40000196AC2F20041A6EE442A90ED236AA6EE04
:10D41000445A90ED064A91ED1E6A90ED077AA4EE0B
:10D42000461A90ED104AA4EE463A90ED1A4AA4EE40
:10D43000462A91ED1F4A38EE466A49F23851C2F247
:10D440000041A7EE441A90ED247AA7EE065A91ED1A
:10D45000006A90ED117A36EE406AA7EE443A90EDFC
:10D460001B7AA7EE442A90ED257AA7EE445A90ED58
:10D47000084AA4EE061A90ED124A48F27C61A4EE26
:10D48000063A90ED1C4AC2F20041A4EE062A90ED45
:10D49000264AA4EE065A90ED094A91ED006AA4EEE0
:10D4A000061A90ED134AA4EE063A90ED1D4AA4EE3A
:10D4B000062A90ED274A44F68820A4EE065AC2F2C6
:10D4C000004080ED051A46F6C870C2F2004080EDBB
:10D4D000053A44F66440C2F2004080ED002A44F66A
:10D4E0009840C2F2004080ED005ABDEC068B01B0BE
:10D4F000BDE8F08300000000000000800000000094
:10D5000049F21850C2F2004001680129A4BF013954
:10D51000016070B540F6D00040F25C46C2F20040B7
:10D5200040F26045C2F20046C2F20045007A40F285
:10D530002C7496ED002AC2F2004400EE100A40F26C
:10D540001C7040F21871D4ED000AC2F20040C2F221
:10D550000041B8EE401A95ED000A32EE402AA1EEE5
:10D56000020AB4EE600AF1EE10FAC8BF014691ED6E
:10D57000001A01F009FF96ED001A84ED000AB4EEDE
:10D58000410A40F22870F1EE10FAA8BF84ED001AAB
:10D5900094ED002A95ED000A40F23075B4EE402A71
:10D5A000F1EE10FAD8BF84ED000AC2F20040C2F2D8
:10D5B000004594ED002A48F2A43180ED002AB4EE33
:10D5C000412AF1EE10FA85ED002AC2F20041A8BF0F
:10D5D00080ED001A90ED003A44F62434B4EE403A5F
:10D5E000C2F20044F1EE10FAD8BF80ED000AB4EEAA
:10D5F000412AF1EE10FAA8BF85ED001A95ED001A48
:10D60000B4EE401AF1EE10FAD8BF85ED000A91EDA4
:10D61000150AD0ED000A204601F09AFB48F250406E
:10D62000D5ED000AC2F2004047F26405C2F200459F
:10D6300090ED150A284601F08BFB204601F090FB87
:10D640002846BDE8704001F08BBB000000000000E0
:10D6500010B58CB06846242100240B94CDE9094410
:10D66000F3F725F848F6240042F20001C2F2004028
:10D67000C4F20201C0E9001484600421C0E904413D
:10D680004FF4807101830121C16180F82040C0E91D
:10D690000A440463C0E90F4480F844408164F6F70B
:10D6A00057F808B1F5F7ACF848F6240009A9C2F21A
:10D6B00000400994F5F7B4FC08B1F5F7A1F8102083
:10D6C0006946C1F2C000009006200190022002903D
:10D6D00040F2FF70039004200490002005908DF824
:10D6E000210048F62400C2F20040F5F71DFD08B104
:10D6F000F5F786F80CB010BD80B582B044F2D84082
:10D700000022C5F60200016841F0010101600168D4
:10D7100001F0010101910199016841F002010160EC
:10D720000068052100F00200009000980B20F9F736
:10D73000A7F80B20F9F790F80C2005210022F9F743
:10D740009FF80C20F9F788F80D2005210022F9F741
:10D7500097F80D20F9F780F80E2005210022F9F73F
:10D760008FF80E20F9F778F80F2005210022F9F73D
:10D7700087F80F20F9F770F8102005210022F9F73B
:10D780007FF81020F9F768F8112005210022F9F739
:10D7900077F81120F9F760F82F2005210022F9F71A
:10D7A0006FF82F20F9F758F8382005210022F9F7F3
:10D7B00067F83820F9F750F8392005210022F9F7E9
:10D7C0005FF83920F9F748F8462005210022F9F7DB
:10D7D00057F8462002B0BDE88040F9F73DB8000098
:10D7E00080B548F6BC504AF20001C2F20040C4F2D3
:10D7F00000014FF0000C012201600323C0E902CCBC
:10D80000A0F810C0082182744361142383611D2392
:10D81000C3610A23C0E90832022282620D23C0F8E4
:10D8200034C0C0E90B3204238366C0E90E33C0E97B
:10D830001013C0E91213C0E91423C0E91611202106
:10D84000C0E9181CF8F77CFA002808BF80BDBDE8C5
:10D850008040F4F7D5BF000080B548F65C604AF21E
:10D860000041C2F20040C4F2000101234FF0030C5A
:10D8700001600021C0E90211038214228374C0F800
:10D8800014C082611D22C2610A22C0E9082302225B
:10D8900082620D22C0E90B2340F206424263042259
:10D8A0000823C0E90E22C0E91032C0E91232C0E9F3
:10D8B00014C2C0E91633C0E918318266F8F740FA9D
:10D8C000002808BF80BDBDE88040F4F799BF000084
:10D8D00080B548F6FC604DF20041C2F20040C4F24F
:10D8E00000014FF0010C4FF0030E01600021C0E970
:10D8F000021101820A2280F812C01D23C0F814E030
:10D900008261C0E90732C0E909E2C0E90B3240F6A2
:10D910001202C163C0E90D2C04228266C0E9102204
:10D92000C0E91212C0E91412C0E91611C0E91821A9
:10D93000F8F706FA002808BF80BDBDE88040F4F77C
:10D940005FBF00000000000080B5CEB048F2784014
:10D95000C0F601000168479141684891816849918A
:10D96000C1684A9101694B9141694C9180694D9020
:10D9700047A8002107F0E4FF48F28461C2F20041A9
:10D98000086048F22440C0F60100016840914168F7
:10D99000419181684291C168439101694491416913
:10D9A00045918069469040A8002107F0C9FF44F6E0
:10D9B0008811C2F20041086048F2EC30C0F6010064
:10D9C0000168399141683A9181683B91C1683C9105
:10D9D00001693D9141693E9180693F9039A80021DC
:10D9E00007F0AEFF40F6B801C2F20041086048F20D
:10D9F0004040C0F60100016832914168339181686E
:10DA00003491C168359101693691416937918069D6
:10DA1000389032A8002107F093FF44F68421C2F227
:10DA20000041086048F20840C0F6010001682B91EF
:10DA300041682C9181682D91C1682E9101692F91C7
:10DA400041693091806931902BA8002107F078FF5F
:10DA500040F6C001C2F20041086048F25C40C0F6E6
:10DA60000100016824914168259181682691C1686F
:10DA70002791016928914169299180692A9024A8F8
:10DA8000002107F05DFF47F2CC21C2F2004108609F
:10DA90003CA03C491D9141681E9181681F91C1685D
:10DAA00020910169219141692291806923901DA8EB
:10DAB000002107F045FF44F69C41C2F20041086096
:10DAC00037A0374916914168179181681891C1684C
:10DAD000199101691A9141691B9180691C9016A8DE
:10DAE000002107F02DFF46F6FC41C2F2004108601C
:10DAF00032A032490F914168109181681191C1683B
:10DB000012910169139141691491806915900FA8D0
:10DB1000002107F015FF40F6A001C2F200410860A5
:10DB20002DA02D4908914168099181680A91C16829
:10DB30000B9101690C9141690D9180690E9008A8C3
:10DB4000002107F0FDFE40F62C11C2F200410860F2
:10DB500028A0284901914168029181680391C16818
:10DB6000049101690591416906918069079001A8B6
:10DB7000002107F0E5FE48F27031C2F20041086072
:10DB80004EB080BDF78F010809E3000800000000D7
:10DB90000000000000040000000000000000000081
:10DBA000C18F0108E9EA000802000000000000003F
:10DBB00000080000A84C0024A86C0024D58F0108A0
:10DBC00031E900080200000000000000000200002F
:10DBD0000000000000000000C98F0108712C00083F
:10DBE00000000000000000008000000000000000B5
:10DBF00000000000A88F010889250108FDFF000032
:10DC000000000000000400001C7300241C8300249A
:10DC10002DE9F04387B044F2E0400027C5F602004A
:10DC20000697CDE90477CDE90277016840F6000454
:10DC300041F0100101600168C5F6020401F0100115
:10DC400001910199016841F004010160016801221C
:10DC500001F0040101910199016841F08001016026
:10DC600001684FF0010801F08001019101990168FC
:10DC700041F001010160016801F001010191019988
:10DC8000016841F002010160016801F002010191A7
:10DC90000199016841F008010160006848F209013A
:10DCA00000F00800019001982046F8F715FD04F5F2
:10DCB00000654FF40051002228464FF40059F8F750
:10DCC0000BFD02AE4FF40040CDE90208204631467C
:10DCD000CDE90477F8F72CFC09203146CDE902089C
:10DCE0002046049703270597F8F722FC284631467B
:10DCF000CDE90298CDE90487F8F71AFC4FF00060EF
:10DD00000021FAF711FF07B0BDE8F0830000000022
:10DD100010B548F69C7443F60000C2F20044C4F209
:10DD20000000072120604FF4800060600020A060A8
:10DD3000E1604FF0007121614FF0807161614FF03F
:10DD40008061A1614FF08041C4E90710C4E9090076
:10DD5000E06204F1380061632421F2F7A8FC204658
:10DD6000FAF7AEFB002808BF10BDBDE81040F4F77D
:10DD700047BD000000000000B0B594B049F2240097
:10DD800041F60005C2F200400021CDE90C11CDE9B9
:10DD90000A11CDE90811CDE90611CDE90411CDE94B
:10DDA0000211CDE90011C4F200050560EF22C0E9BF
:10DDB0000121F922C0E9032180218161FAF740FFA6
:10DDC00008B1F4F71DFD4FF480500A9049F2240089
:10DDD0000AA9C2F20040FBF71FF808B1F4F710FDE2
:10DDE00049F22400C2F20040FBF722FC08B1F4F72C
:10DDF00007FD49F2240007A9C2F20040002407945D
:10DE00000994FAF7A9FE08B1F4F7FAFC602002942D
:10DE1000CDE90004049449F22404C2F200446946A6
:10DE200004222046FBF7B4F908B1F4F7E9FC2068B6
:10DE30000021A8421391CDE9111110910F9117D033
:10DE400040F20041C4F2000188422FD144F2E04088
:10DE5000C5F60200016841F00101016000688021FF
:10DE600000F001000E900E980020C5F6020013E0AD
:10DE700044F2E040C5F60200016841F00201016091
:10DE800000684FF4004100F002000E900E98002050
:10DE9000C5F6020000F580600F910221109100226A
:10DEA00013910FA9CDE91122F8F742FB14B0B0BDD0
:10DEB000B0B594B049F2BC0040F20045C2F2004057
:10DEC0000021CDE90C11CDE90A11CDE90811CDE908
:10DED0000611CDE90411CDE90211CDE90011C4F21A
:10DEE0000005056002228161C0E901216322C0E9C9
:10DEF0000321FAF7A5FE08B1F4F782FC4FF4805035
:10DF00000A9049F2BC000AA9C2F20040FAF784FF65
:10DF100008B1F4F775FC49F2BC00C2F20040FBF70F
:10DF200087FB08B1F4F76CFC49F2BC0007A9C2F208
:10DF30000040002407940994FAF70EFE08B1F4F7A4
:10DF40005FFC60200294CDE90004049449F2BC0413
:10DF5000C2F20044694604222046FBF719F908B1D1
:10DF6000F4F74EFC41F600022068C4F200020021E2
:10DF700090421391CDE91111CDE90F1113D0A842B0
:10DF80002FD144F2E040C5F60200016841F00101E2
:10DF900001600068802100F001000E900E980020C2
:10DFA000C5F6020013E044F2E040C5F60200016845
:10DFB00041F00201016000684FF4004100F00200EE
:10DFC0000E900E980020C5F6020000F580600F91BB
:10DFD00002211091002213910FA9CDE91122F8F727
:10DFE000A7FA14B0B0BD000080B549F2C42045F2D4
:10DFF0000001C2F2004048F2A062C4F20001C0F287
:10E000000102C0E900124FF4805181604FF40051C9
:10E01000C1604FF4806101610C2141610021816286
:10E02000C0E90611C0E90811FCF752FB08B1F4F78A
:10E03000E7FB49F2C4200021C2F20040FCF728F8B7
:10E0400008B1F4F7DDFB49F2C4200021C2F2004020
:10E05000FBF7D2FF08B1F4F7D3FB49F2C420C2F2B8
:10E060000040FBF7B5FD002808BF80BDBDE880403B
:10E07000F4F7C6BB0000000080B549F2583047F6FF
:10E080000001C2F20040C4F200010C2201604FF412
:10E09000165141600021C0E902110161C0E905216A
:10E0A000C0E90711C0E90911FCF712FB08B1F4F748
:10E0B000A7FB49F258300021C2F20040FBF7E8FF0D
:10E0C00008B1F4F79DFB49F258300021C2F200403C
:10E0D000FBF792FF08B1F4F793FB49F25830C2F214
:10E0E0000040FBF775FD002808BF80BDBDE88040FB
:10E0F000F4F786BB0000000080B549F29C1041F6A1
:10E100000041C2F20040C4F201010C2201604FF450
:10E11000E13141600021C0E902110161C0E905213E
:10E12000C0E90711C0E90911FCF7D2FA08B1F4F708
:10E1300067FB49F29C100021C2F20040FBF7A8FFE8
:10E1400008B1F4F75DFB49F29C100021C2F20040D7
:10E15000FBF752FF08B1F4F753FB49F29C10C2F2EF
:10E160000040FBF735FD002808BF80BDBDE88040BA
:10E17000F4F746BB0000000080B549F2081041F2F8
:10E180000001C2F20040C4F201010C2201604FF410
:10E19000E13141600021C0E902110161C0E90521BE
:10E1A000C0E90711C0E90911FCF792FA08B1F4F7C8
:10E1B00027FB49F208100021C2F20040FBF768FF7C
:10E1C00008B1F4F71DFB49F208100021C2F200402B
:10E1D000FBF712FF08B1F4F713FB49F20810C2F283
:10E1E0000040FBF7F5FC002808BF80BDBDE880407B
:10E1F000F4F706BB0000000080B549F2302044F27D
:10E200000041C2F2004048F28042C4F20001C0F274
:10E210001E02C0E900124FF48051816000214FF4CA
:10E22000806202610C22C0E9052100220023C16046
:10E23000C0E90711C0E90911FAF7FEF808B1F4F7CF
:10E24000DFFA49F230200021C2F20040FBF720FF44
:10E2500008B1F4F7D5FA49F230200021C2F20040AB
:10E26000FBF7CAFE08B1F4F7CBFA49F23020C2F24C
:10E270000040FBF7ADFC002808BF80BDBDE8804032
:10E28000F4F7BEBA0000000049F6BC000021C2F25B
:10E2900000404FF07E52B7EE001A016049F2EC5098
:10E2A000C2F2004081EE000A026049F2F050C2F270
:10E2B0000040016049F2F450C2F20040016049F2AE
:10E2C000F850C2F20040016049F2F430C2F200405E
:10E2D000016049F2F830C2F20040016049F2FC30BE
:10E2E000C2F20040016048F20C60C2F200400170CE
:10E2F00049F20040C2F2004080ED000A7047000081
:10E30000FEE700000000000082B09FED779A44F61F
:10E31000B0249FED768AB0EE490A9FED75AAF0EE23
:10E32000480AB0EE4A1AC2F20044012120464FF0DA
:10E330000108F4F761F9B0EE490AF0EE480AB0EED0
:10E340004A1A04F138000221F4F756F946F6F0743F
:10E35000B0EE490AF0EE480AB0EE4A1AC2F20044A2
:10E3600001212046F4F748F9B0EE490AF0EE480AD8
:10E37000B0EE4A1A04F138000221F4F73DF9B2EE8A
:10E38000049AB3EE0E1AF0EE480A48F2A450C2F214
:10E3900000401021B0EE490AF4F72EF9B0EE490A18
:10E3A000F0EE480A47F280209FED521AC2F2004078
:10E3B0001121F4F721F9B5EE008A48F2A8709FED1B
:10E3C0004E9AC2F200409FED4DAA48F2A439B0EE39
:10E3D000490AF0EE480AB0EE481AF0EE491AB0EEDB
:10E3E0004A2AC2F2004980F800800121484605F01F
:10E3F000DBF9B0EE490AF0EE480AB0EE481AF0EE4A
:10E40000491AB0EE4A2A48F25040C2F200400021B8
:10E4100005F0CAF907F014FD4FF47A7007F070FAAE
:10E4200049F234509FED361AC2F2004090ED000AD6
:10E4300049F2385080EE010AC2F200409FED311AD5
:10E440000168416020EE010A80ED000A07F0BCFC83
:10E4500009F0E6F84EF254074EF2680A49F67804DD
:10E460004DF6510640F2F46BC2F20047C2F2004A88
:10E47000C2F20044C2F20046C2F2004B01AD01906C
:10E4800004E000BF0221284607F042FA387828BB92
:10E4900099ED150AF4F7A4FB307821788AED000A8B
:10E4A000C0B251EA000204D100F032F88BF80080CB
:10E4B00014E0012902D102F04FFD0FE0022908BF4C
:10E4C000002804D0032905D102F02AF806E004F060
:10E4D0000FFD03E0012801D102F076FB3878012816
:10E4E000D0D1F4F75DFCCDE700002042DB0F4940BE
:10E4F00000003442000048433D0A573E000000003F
:10E5000000003443DA0F4940FEE70000000000003D
:10E510002DE9F04F81B02DED028B88B004F024FE80
:10E52000F2F73EFE49F2D460B3EE041AC2F20040A4
:10E5300049F23451C2F20041002290ED000A00205D
:10E54000B0EEC00A40F2695444F6A445C2F2004459
:10E55000C2F20045B4EE410AF1EE10FAA8BF012064
:10E5600091ED000A0021B4EE410ABBEE041AF1EE6F
:10E5700010FAA8BF0122B4EE410AF1EE10FAD8BF9A
:10E58000012110430843C0070CD02078012809D18D
:10E5900040F2F4600124C2F20040047001F0BCFAC1
:10E5A0002C70B3E1287844F6A046C2F20046012858
:10E5B00005D101F069FA32203060002028703068FF
:10E5C000012809DB4FF4F760F2F7DEFE306801380E
:10E5D000306001D103F05CF848F2A4359FEDD08A99
:10E5E000C2F2004544F6543BF0EE480AC2F2004B3A
:10E5F00095ED150A58460026267000F0A9FB48F252
:10E60000504747F29404C2F20047F0EE480AC2F2C3
:10E61000004497ED150A204600F09AFB584600F09A
:10E620009FFB204600F09CFB95ED160A44F68435CE
:10E63000C2F20045DBED090A284600F089FB97EDA0
:10E64000160A47F2C407C2F20047D4ED090A384659
:10E6500000F07EFB284600F083FB384600F080FB8C
:10E6600044F6E43044F65C41C2F2004044F66047B0
:10E67000C2F20041C2F200470078CDE9066638B325
:10E6800044F650400091C2F2004044F654410290DA
:10E6900044F65840C2F20041C2F20040039107A97B
:10E6A000CDE9040148F2A43044F6B43244F6E8332C
:10E6B000C2F20040C2F20042C2F200439FED990A4A
:10E6C0000021019707F0C8FD0646002818BF012663
:10E6D00047F2241747F29C11C2F2004747F2A015F7
:10E6E000C2F20041C2F20045387850B347F29010B0
:10E6F0008946C2F20040009147F29411029047F21D
:10E700009810C2F20041C2F20040039106A947F2FC
:10E71000F402CDE9040148F2504047F22813C2F256
:10E720000040C2F20042C2F200439FED7F0A012185
:10E73000AA46019507F090FD0546002818BF01255F
:10E7400002E0AA468946002544F6E43244F6184819
:10E75000C2F20042C2F20048107888B99BED070A65
:10E76000B0EEC00A9FED6C1BB7EEC00AB4EE410BD1
:10E77000F1EE10FA04DCB8F800100131A8F800102E
:10E78000E0B9B8F80000322818D344F65C41012003
:10E79000C2F2004110700020A8F80000087044F692
:10E7A0006041C2F20041086048F2A430C2F2004069
:10E7B00006F04AFF44F6E432C2F20042387847F2EB
:10E7C0005814C2F2004498B947F29401C2F20041D1
:10E7D0009FED511B91ED070AB0EEC00AB7EEC00ADB
:10E7E000B4EE410BF1EE10FA02DC218801312180F8
:10E7F000A0B92088322811D3012038700020208051
:10E8000089F80000CAF8000048F25040C2F2004007
:10E8100006F01AFF44F6E432C2F200421078411EBC
:10E82000B1FA81F149093140012903D1B8F800104A
:10E83000013102E0012802D10021A8F800100128CE
:10E8400008D1B8F80000322804D30220107000204C
:10E85000A8F800003878411EB1FA81F14909294031
:10E86000012902D12188013102E0012801D10021D2
:10E870002180012806D12088322803D30220387055
:10E88000002020803878022819D11078022816D16B
:10E8900049F678000121C2F20040017048F260613F
:10E8A000C2F20041002038701070086040F23470ED
:10E8B000C2F200404CF6CD41CBF60C71016044F63B
:10E8C0008430DDED070AC2F2004090ED090A48F2FB
:10E8D000A430C2F2004004F06FFF47F2C400DDED47
:10E8E000060AC2F2004090ED090A48F25040C2F216
:10E8F000004004F061FF44F688200021C2F200408D
:10E90000416146F6C870C2F20040416108B0BDECFA
:10E91000028B01B0BDE8F08F7B14AE47E17A943FE3
:10E920008FC2F53D0D43BC3FA7DCD53F0000000082
:10E9300049F6AC0649F2046447F2702B40F69D0597
:10E9400040F69A0849F24C5AC2F200460027C2F239
:10E950000044C2F2004B4FF00109C2F20045C2F27E
:10E960000048C2F2004A08E0AAF800002F70287898
:10E9700001302870022006F0C3FF3068632800F1E0
:10E9800001003060C0F2888020683760052800F3FD
:10E99000828049F230204DF6D4614FF48072C2F289
:10E9A0000040C2F20041FBF72FF948F6CC4040F29C
:10E9B0000F41C2F20040C4F20201006888426FF0C9
:10E9C000080110DC6F22C4F20202904220DC3F22D8
:10E9D000C4F20202904236DC1022C4F202029042DB
:10E9E00056D028224EE040F26F42C4F2020290421A
:10E9F0001ADC40F23F42C4F2020290422ADC40F2AA
:10EA00001042C4F20202904242D040F2284239E061
:10EA10009F22C4F20202904225DC7022C4F202025C
:10EA2000904235D088222DE040F29F42C4F202028B
:10EA300090421FDC40F27042C4F20202904227D0A2
:10EA400040F288421EE04022C4F2020290421FD0EF
:10EA5000582217E040F24042C4F20202904217D01E
:10EA600040F258420EE0A022C4F2020290420FD0BF
:10EA7000B82207E040F2A042C4F20202904207D05E
:10EA800040F2B842C4F20202904218BF6FF0040193
:10EA900002681140016027609BF8000001280ED138
:10EAA00040F6CC00C2F2004080F80090F2F7B4F8D3
:10EAB00040F6C000C2F20040006806F071FF2878FE
:10EAC000FA28FFF454AFB8F80000BAF800108842F2
:10EAD0007FF44AAF40F69C018BF80090C2F20041EF
:10EAE00081F8009040E7000082B04EF288040221D5
:10EAF000C2F200440022022320460026FDF73CFA21
:10EB000040F2E070D4F80811C2F2004040F600086C
:10EB1000C2F2004890E88C00C068C86040F2F07013
:10EB20008CC1C2F20040D4F8001190E88C00C0689B
:10EB3000C8608CC1D4F8200198E88E008EC040F6E1
:10EB40001007D4F82401C2F2004797E82E002EC027
:10EB5000D4F818014FF07E51C0E90016C0E90261F7
:10EB600008F05EFD01904EF2C81048F2046AC2F24D
:10EB700000409FED319BC2F2004A9FED318AA0F127
:10EB8000040B9FED30AA0DF1040900BF48F2EC50D0
:10EB90009AED001AC2F20040D4F8201198E86C00F7
:10EBA00090ED010A48F26860A0EE081AC2F2004037
:10EBB000B1EE400A00688AED001A6CC1D4F8241145
:10EBC000FD6897E84C0081E84C00CD6049F2F032D6
:10EBD0006168C2F20042102308602046136081ED94
:10EBE000010AFDF7ADFC2068012104385A4600BF38
:10EBF000013950F8043F42F8043FF9D04EF2C810F2
:10EC00000221C2F2004090ED000A49F20440B0EE49
:10EC1000C01AC2F20040B7EEC11AB4EE491BF1EEC1
:10EC200010FA30FE0A0A80ED000A484606F070FE2F
:10EC3000ACE700BF00BF00BF9A9999999999A93F85
:10EC40006F1203BB000000000021C160704700008C
:10EC500080ED000A002180ED011AC0ED020A80ED6E
:10EC6000042AC0ED052AC0ED061AC0ED0A3A80ED6F
:10EC70000B3AC1607047000080ED060A7047000043
:10EC800010B52DED088B9FED2EAAB0EE409AB0EE98
:10EC9000600AF0EE4A0A044608F0DEFFB0EE408A51
:10ECA0009FED28BAB4EE4B0AF1EE10FA04DD9FEDA9
:10ECB000270A38EE008A08E09FED230AB4EE408A66
:10ECC000F1EE10FA01DA38EE0A8A9FED1DAAB0EED5
:10ECD000490AF0EE4A0A08F0BFFFB4EE4B0AF1EE23
:10ECE00010FA04DD9FED191A30EE010A08E09FEDDD
:10ECF000161AB4EE410AF1EE10FA01DA30EE0A0A01
:10ED000038EE400A9FED0E8AF0EE480A08F0A4FFA4
:10ED1000B4EE4B0AF1EE10FA04DD9FED0C1A30EE62
:10ED2000010A08E09FED081AB4EE410AF1EE10FA6C
:10ED300001DA30EE080A84ED070ABDEC088B10BD3D
:10ED4000DB0FC940DB0F4940DB0F49C0DB0FC9C0F7
:10ED500030EEC00A80ED070A704700000000000096
:10ED600090ED071A90ED0A0AB4EE401AF1EE10FA8F
:10ED700009DCB1EE402AB4EE421AF1EE10FA02DBE1
:10ED80009FED470A11E0B5EE401AF1EE10FA03DBF1
:10ED900031EE401A80ED071A90ED071AB5EE401AD1
:10EDA000F1EE10FA03DC30EE010A80ED070A90ED77
:10EDB000071A90ED000A90ED0B4A90ED083AB4EE78
:10EDC000441A90ED012AF1EE10FA29DCB1EE444A22
:10EDD000B4EE441AF1EE10FA22DB90ED034A90ED06
:10EDE000026AB0EE445AA6EE015A90ED056AB5EEFD
:10EDF000406AF1EE10FA11DD35EE445AB4EE465A8F
:10EE0000F1EE10FA06DCB1EE466AB4EE465AF1EEC7
:10EE100010FA01DAB0EE465A34EE055A80ED035A84
:10EE200090ED044A90ED036AB1EE445AB4EE446AA0
:10EE3000F1EE10FA04DAB4EE456AF1EE10FA07DCEE
:10EE4000B5EE406AF1EE10FA34FE054A80ED034A51
:10EE500090ED034A31EE433A00EE014A90ED060A86
:10EE6000002102EE034AB1EE402AB4EE424AF1EE2E
:10EE700010FAB5EE404AC8BF0121F1EE10FAB4EE27
:10EE8000440A80ED081A30FE022AC90702FE043A3D
:10EE9000F1EE10FA33FE020A80ED090A704700BF56
:10EEA0000000000000000000002818BF002A00D168
:10EEB000704780B501701168416051688160916848
:10EEC000C16080ED040A2821C0ED050A2030F1F769
:10EED000EEFB80BD0000000000000000000000000C
:10EEE000EFF30980BFF36F8F154B1A681EF0100FF8
:10EEF00008BF20ED108A20E9F04F10602DE90900CD
:10EF00004FF0500080F31188BFF34F8FBFF36F8F26
:10EF100008F0CEF94FF0000080F31188BDE8090039
:10EF200019680868B0E8F04F1EF0100F08BFB0EC89
:10EF3000108A80F30988BFF36F8F704700BF00BF4E
:10EF4000509500240000000040F20A0246F6005CE2
:10EF5000C2F20042C2F2004C80ED000A46F60453B1
:10EF600012889CED001A30EE411AC2F2004302EE04
:10EF7000102A46F60C52C2F2004293ED004A46F6C1
:10EF80000851C0ED030AB8EE422A92ED003A30EE85
:10EF9000C33AC2F200418CED000A21EE021A91ED53
:10EFA000005A23EE023A80ED011A80ED043A31EE68
:10EFB000444AC2ED000A83ED001A81ED003A24EEC6
:10EFC000024A80ED024A33EE454A24EE022A80EDE1
:10EFD000052A70470000000040F27050C2F2004065
:10EFE0000078002860D070B52DED028B4EF2D41061
:10EFF0009FEDB51AC2F20040B7EE008A4EF25024DF
:10F0000048F2747590ED020A0020B4EE410ABFEE9A
:10F01000001AF1EE10FAC8BF0120B4EE408AC2F225
:10F020000044C007C2F2004500FE012AF1EE10FACA
:10F0300031FE020A84ED020AB4EE480AF1EE10FA3B
:10F040000FDB40F2147095ED003AC2F2004090EDF3
:10F05000001A38EE412A22EE032AA1EE002A85ED9D
:10F06000002A49F2405095ED000AC2F2004084EDBA
:10F07000010A80ED000AFCF7B7FDE18900EE100AF5
:10F08000232801EE101AB8EE400AB8EE411A38BF34
:10F09000B0EE410A9FED8E1AB4EE410AF1EE10FA7D
:10F0A00010DA9FED8A0A1CE040F2C4604FF07E51F6
:10F0B000C2F20040016048F27870C2F200400021C4
:10F0C00001607047FCF790FDE18900EE100A2328EB
:10F0D00001EE101AB8EE400AB8EE411A38BFB0EE91
:10F0E000410A48F25866C2F2004686ED000AFCF773
:10F0F0008BFD96ED003A9FED770A33EE000AB1EEF4
:10F10000041A80EE011AB6EE000A31EE001ABDEEC6
:10F11000C11A11EE101A01EE100A40F27450C2F238
:10F120000040B8EE414A21EAE1710B29A8BF0B214A
:10F13000C1EBC10100EB810040F21071C2F200414D
:10F1400090ED001A90ED012A34EE415A32EE411A48
:10F1500085EE011A81FE482A9FED5F1A82FE015A50
:10F1600091ED002A49F2445133EE426AC2F2004165
:10F17000BCEEC33A81ED004A40F26C51C2F200414C
:10F18000A5EE062A086049F24851C2F2004184ED1A
:10F19000052A81ED002A13EE101A95ED003A21821E
:10F1A00040F20471B4EE423AC2F20041F1EE10FABC
:10F1B00042DDB4EE483AF1EE10FA3DDD48F27872E5
:10F1C00033EE422AC2F200429FED453A90ED035AD7
:10F1D00048F27C7392ED004A80EE050AA2EE034AE3
:10F1E000C2F2004384FE406AB5EE404AF1EE10FAE6
:10F1F00093ED000AB8BFB0EE416A32EE400A83EDEB
:10F20000002A25EE061A82ED006A80EE030A90EDD0
:10F21000023AA3EE021A90ED043AA3EE001A38EE79
:10F22000410A91ED001A80FE483AB4EE401AF1EE20
:10F2300010FA31FE030A21E048F278729FED271A96
:10F24000C2F20042B0EE482A002392ED000A20EEFE
:10F25000011A90ED030A82ED001A48F27C72C2F2A4
:10F26000004201EE402A91ED000A1360B4EE420A1A
:10F2700082FE482AF1EE10FA30FE020A40F2C46221
:10F280001823C2F2004292ED001AB4EE410AF1EEE8
:10F2900010FAB8BF1423184490ED002A38EE423A11
:10F2A00021EE031AA2EE001A91ED000A81FE482A0F
:10F2B000B4EE410AF1EE10FA30FE020A82ED000AC5
:10F2C000BDEC028B70BD00BF0000FA43000070422D
:10F2D00000003442000034C200000000A4707D3FF2
:10F2E0006F12033B0000000040F27050C2F2004079
:10F2F0000078002808BF704748F27470B7EE003AF3
:10F30000C2F2004090ED001A49F24850C2F20040AB
:10F3100090ED002A40F2C460C2F20040B4EE421AFE
:10F32000F1EE10FA90ED001A31FE031A20EE010AF8
:10F33000B1EE601A80FE602AB4EE401AF1EE10FAC7
:10F3400031FE020A7047000046F6C851C2F2004181
:10F35000D1F8DC210260D1F8E0214260D1F8E4115B
:10F36000816070470000000046F6C851C2F20041BB
:10F37000D1F8F4210260D1F8F8214260D1F8FC11F3
:10F38000816070470000000030EE600AB5EE400A70
:10F39000F1EE10FA07DDB4EE410AF1EE10FA0CDDE1
:10F3A00030EE810A7047B1EE412AB4EE420AF1EE26
:10F3B00010FA02DA30EEC10A704730EE800A704768
:10F3C000F0B581B044F22C47C5F6020757F8042C7B
:10F3D00002F00302032A02D1012001B0F0BD05466C
:10F3E00057F82C0C0C4620F0806047F82C0CF7F7EF
:10F3F0007BF9064657F82C0C000105D5F7F774F990
:10F40000801B0228F6D964E057F8040CEE6895E8F2
:10F410000E0020F47C30012C40EA0130A2F1010101
:10F420006FF35F214FF47E4202EB432247F8040C56
:10F4300092B24FF0FE4302EB01004FF4FE012A6945
:10F4400001EB064101F4FE0103EB0262084402F005
:10F45000FE410844F8603868696920F0C00040EA5D
:10F46000010038603868A96920F0200040EA0100F6
:10F47000386038684FF6F87120F01000386038694D
:10F48000EA6920EA01004FF4001140EAC200386145
:10F49000386808BF4FF4801140F01000002C38602D
:10F4A00008BF4FF4002138680843386057F82C0C27
:10F4B00040F0806047F82C0CF7F716F9044600BFBF
:10F4C00057F82C0C000107D4F7F70EF9001B03289E
:10F4D000F6D3032001B0F0BD002001B0F0BD000064
:10F4E000F0B581B044F22C47C5F6020757F8042C5A
:10F4F00002F00302032A02D1012001B0F0BD05464B
:10F5000057F82C0C0C4620F0805047F82C0CF7F7DD
:10F51000EBF8064657F82C0C800005D5F7F7E4F811
:10F52000801B0228F6D964E057F8040CEE6895E8D1
:10F530000E0020F07C70012C40EA0150A2F1010184
:10F540006FF35F214FF47E4202EB432247F8040C35
:10F5500092B24FF0FE4302EB01004FF4FE012A6924
:10F5600001EB064101F4FE0103EB0262084402F0E4
:10F57000FE41084478613868696920F4406040EAD7
:10F58000010038603868A96920F4007040EA010081
:10F59000386038684FF6F87120F480703860B869C8
:10F5A000EA6920EA01004FF0807140EAC200B861C8
:10F5B000386808BF4FF4000140F48070002C3860B8
:10F5C00008BF4FF4800138680843386057F82C0CA6
:10F5D00040F0805047F82C0CF7F786F8044600BF3F
:10F5E00057F82C0C800007D4F7F77EF8001B03288F
:10F5F000F6D3032001B0F0BD002001B0F0BD000043
:10F6000080B547F2442040F2E031C2F20040C0F23F
:10F61000E03164220160416040F2E031C0F2C0019B
:10F62000816040F20071C0F2E031C160C021C0F2DF
:10F63000E0310161012180F8231040F6C40000216F
:10F64000C2F20040017049F2C42047F2E011C2F258
:10F650000040C2F20041FAF7D7FA48F60C1040F227
:10F660000F41C2F20040C4F20201006888426FF00C
:10F67000080110DC6F22C4F20202904220DC3F221B
:10F68000C4F20202904236DC1022C4F2020290421E
:10F6900056D028224EE040F26F42C4F2020290425D
:10F6A0001ADC40F23F42C4F2020290422ADC40F2ED
:10F6B0001042C4F20202904242D040F2284239E0A5
:10F6C0009F22C4F20202904225DC7022C4F20202A0
:10F6D000904235D088222DE040F29F42C4F20202CF
:10F6E00090421FDC40F27042C4F20202904227D0E6
:10F6F00040F288421EE04022C4F2020290421FD033
:10F70000582217E040F24042C4F20202904217D061
:10F7100040F258420EE0A022C4F2020290420FD002
:10F72000B82207E040F2A042C4F20202904207D0A1
:10F7300040F2B842C4F20202904218BF6FF00401D6
:10F7400002681140016080BD49F60000C2F200402D
:10F750009FED2D1B90ED000A40F25050B0EEC00A14
:10F76000C2F20040B7EEC00AB4EE410B90ED000AC1
:10F7700049F68800F1EE10FAC2F200400ADDB7EE59
:10F78000001A90ED002A31EE401A21EE021AA0EE86
:10F79000021A1EE047F244219FED1D2AC2F20041E9
:10F7A0009FED1C3A098801EE101AB8EE411A31EEAD
:10F7B000021AB7EE002A81EE031AB2EE083A32EED0
:10F7C000402A21EE033A90ED001A22EE011AA0EE33
:10F7D000031A10B5B0EE000A49F2D461C2F200413A
:10F7E00047F2B014C2F2004480ED001A71EE000A34
:10F7F00091ED000A2046FFF7ABFA2046BDE8104025
:10F80000FFF7AEBA00BF00BF333333333333D33FD8
:10F81000000078C4000048C470B5F1F725FEF1F788
:10F82000CBFD48F2FC466FF00700C2F20046802193
:10F83000B51E21222B4600BF00F1080423F8022F39
:10F8400021FA04F414F0320F4FF0420408BF2124CF
:10F8500001301A841C82EFD349F2BC000421C2F2A9
:10F8600000404F233246FAF70BF8A02006F048F884
:10F8700001F00EFF0A2006F043F8F1F7C9FD6FF022
:10F880000700802121222B4600F1080421FA04F40C
:10F8900014F0320F4FF0420408BF2124013023F846
:10F8A000024F1C821A84EFD349F2BC000421C2F239
:10F8B00000404F233246F9F7E3FF962006F020F888
:10F8C00001F0E6FE0A2006F01BF8F1F7DDFD6FF00F
:10F8D0000700802121222B4600F1080421FA04F4BC
:10F8E00014F0320F4FF0420408BF2124013023F8F6
:10F8F000024F1A821C84EFD349F2BC000421C2F2E9
:10F9000000404F233246F9F7BBFF962005F0F8FF81
:10F9100001F0BEFE0A2005F0F3FFF1F7DDFC6FF009
:10F9200007008021212200BF00F1080325F8022FE3
:10F9300021FA03F313F0320F4FF0420308BF2123E3
:10F9400001302B822B84EFD349F2BC000421C2F298
:10F9500000404F233246F9F793FF962005F0D0FF81
:10F9600001F096FE0020212106EB400226F810103F
:10F970000130082811821184F6D149F2BC0048F206
:10F98000FC42C2F20040C2F2004204214F23BDE813
:10F990007040F9F775BF0000016840F26F32D1F88E
:10F9A00014C08B6943F008038B618B6943F010032B
:10F9B0008B610B6823F001030B600B6923EA0202E1
:10F9C0000A618A6822F440428A6090F88120042A01
:10F9D00018BF1CF0200209D0D0F8842042F0800229
:10F9E000C0F884208A6942F020028A6190F8812060
:10F9F000032A18BF1CF0400215D15FEA8C521FD4B5
:10FA00005FEACC5209D5D0F8842042F00802C0F851
:10FA100084208A6942F480728A610021A0F8621011
:10FA2000A0F86A107047D0F8842042F00402C0F8B1
:10FA300084208A6942F040028A615FEA8C52DFD5F5
:10FA4000D0F8842042F00102C0F884208A6942F490
:10FA500000728A615FEACC52D5D4DEE70000000074
:10FA6000074B19680868B0E8F04F80F30988BFF3C6
:10FA70006F8F4FF0000080F31188704700BF00BF08
:10FA8000509500240000000010B52DED028B48F2C7
:10FA900080700024C2F200409FED1D8AB0EE480A3B
:10FAA000F0EE480A047048F28170C2F2004004701F
:10FAB00048F28470C2F20040046048F28C70C2F2D6
:10FAC0000040046048F28870C2F20040046048F2CE
:10FAD0009070C2F20040046048F2A430C2F20040CC
:10FAE00003F06AFEB0EE480AF0EE480A48F25040D1
:10FAF000C2F2004003F060FE49F67400C2F200401A
:10FB00000460BDEC028BBDE8104001F0C1BD00BF38
:10FB100000000000000000002DE9F04F81B02DED45
:10FB2000048B40F628094EF24C2A40F6240B40F68E
:10FB300030044EF248254EF2E0164EF2E41740F63D
:10FB40002008C2F20049C2F2004AC2F2004BC2F2DF
:10FB50000044C2F20045C2F20046C2F20047C2F2BF
:10FB600000484EF2E81099ED000ADAED000A9BED2C
:10FB7000001AD4ED001A95ED002AD6ED002A97ED73
:10FB8000003AD8ED003AC2F20040FFF761F895ED77
:10FB9000002A4EF21825C2F2004599ED000ADAED6E
:10FBA000000A9BED001AD4ED001AD6ED002A97ED5D
:10FBB000003AD8ED003A2846FFF74AF844F6882084
:10FBC0009FED778AC2F20040F0EE480AB0F90800D3
:10FBD00000EE100A4EF2E810C2F20040B8EEC00A81
:10FBE000FFF7B6F846F6C870F0EE480AC2F20040D9
:10FBF000B0F9080000EE100A2846B8EEC00AFFF778
:10FC0000A7F840F2545048F25461C2F20040C2F2E8
:10FC1000004148F2186690ED000AD1ED000A48F262
:10FC2000506040F25851C2F20040C2F20041C2F2AC
:10FC3000004690ED001AD1ED001A48F24C6048F2EF
:10FC40001061C2F20040C2F2004190ED002AD1EDF5
:10FC5000002A48F2146048F24861C2F20040C2F241
:10FC6000004190ED003AD1ED003A3046FEF7F0FF4A
:10FC700048F2A4389FED4B1AC2F2004848F25044B3
:10FC800049F20C50C2F2004498ED1A0AC2F2004048
:10FC900030EE011AB5EE400AF1EE10FAB8BFB0EE40
:10FCA000410A94ED1A1A9FED402A80ED000A72EE87
:10FCB000410A49F2CC60C2F20040C0ED000A05F0F2
:10FCC0003FFBF0EE480A3046FFF742F840F2C860CA
:10FCD000C2F20040007850B347F26C2648F28071BF
:10FCE000C2F20046C2F2004149F674073068097852
:10FCF0000138C2F20047042838BF0146C8B20328C1
:10FD000049D20FF230713A680FF21C7351F820108B
:10FD1000B2FBF1F505FB112153F82020914247D2A7
:10FD20000FF21C7151F82000F1F72EFB42E048F26F
:10FD300084700024C2F200409FED198AB0EE480A98
:10FD4000F0EE480A046048F28C70C2F20040046091
:10FD500048F28870C2F20040046048F29070C2F22B
:10FD60000040046048F2A430C2F2004003F024FDD9
:10FD7000B0EE480AF0EE480A48F25040C2F20040A5
:10FD800003F01AFD01F084FC49F67400C2F2004051
:10FD90000460022042E301F07BFC00200CE000BF85
:10FDA00000000000DA0FC940DA0F4940CDCC4C3ECC
:10FDB00001F06EFC3868013040F25C4A98ED150A9B
:10FDC000C2F2004A386049F2084094ED153ADAED83
:10FDD000000AC2F2004030EEC01A40F2DC6130EEA0
:10FDE000C33AC2F2004180ED001A49F20C40B0EE75
:10FDF000C14AC2F2004091ED001A49F2104B80ED69
:10FE0000003A0020B4EE414A98ED1A2AB0EEC34AF7
:10FE100094ED1A5AF1EE10FAD8BF0120C2F2004B4D
:10FE2000002149F21449B4EE414AF1EE10FA32EEE3
:10FE3000451ACBF80000D8BF0121C2F2004949F2AF
:10FE40003050C2F20040B0EEC12AC9F8001040F2B2
:10FE5000CC61C2F2004180ED001A48F280700022AD
:10FE6000C2F2004091ED003A48F20867B4EE432A2E
:10FE7000F1EE10FAD8BF01220178C2F2004749F62C
:10FE8000B8053068C2F200453A6051EA000218BF76
:10FE9000012840F0D08044F65436C2F20046304685
:10FEA000FEF756FF47F2940794ED150AC2F2004799
:10FEB000DAED000A3846FEF74BFF304698ED168A19
:10FEC000FEF74EFFF0EE400A44F68436B0EE480AE4
:10FED000C2F200463046FEF73BFF384694ED168AE4
:10FEE000FEF73EFFF0EE400A47F2C407B0EE480AC4
:10FEF000C2F200473846FEF72BFF3046FEF730FFD0
:10FF000048F25470C2F2004080ED000A3846FEF715
:10FF100027FF40F2E06548F258701FED5C8AC2F29C
:10FF20000045C2F20040F0EE480A80ED000A95ED6F
:10FF3000000A404605F078FA49F21846F0EE480A01
:10FF4000C2F2004695ED000A3060204605F06CFADA
:10FF500049F21C443168C2F20044206001B3DBF86E
:10FF60000000E8B940F2D06048F29471C2F200405B
:10FF7000C2F2004190ED000A40F2D860C2F20040A7
:10FF800091ED001AD0ED000A48F2A430C2F2004010
:10FF900005F07EFA49F67C00C2F2004080ED000ACE
:10FFA000206810B3D9F80000F8B940F2D46048F2E4
:10FFB0009471C2F20040C2F2004190ED000A40F29A
:10FFC000D860C2F20040B1EE400A91ED001AD0EDC7
:10FFD000000A48F25040C2F2004005F059FA49F6D2
:10FFE0008000C2F2004080ED000ADBF8000048F219
:10FFF000086749F6B8050128C2F20047C2F2004579
:020000040801F1
:100000000FD1D9F8000001280BD148F280710120EE
:10001000C2F20041087048F28170C2F20040002133
:10002000017049F6B4060020CBF80000C2F2004689
:10003000C9F80000A4E181F00102024318BF0228C0
:1000400040F0E38048F21869C2F200494846FEF7E2
:1000500087FE4EF2580048F2987BC2F20040C2F28E
:10006000004B80ED000A48469BED008AFEF778FEC3
:100070004EF25C003D46C2F2004044F6543738EE82
:10008000000AC2F2004780ED000A98ED150ADAED89
:10009000000A3846FEF75CFE47F2940694ED150A16
:1000A000C2F20046DAED000A3046FEF751FE38464D
:1000B00098ED168AFEF754FEF0EE400A44F68437B7
:1000C000B0EE480AC2F200473846FEF741FE30461D
:1000D00094ED168AFEF744FEF0EE400A47F2C4069D
:1000E000B0EE480AC2F200463046FEF731FE38460E
:1000F0002F46FEF735FE48F25470C2F2004080ED04
:10010000000A3046FEF72CFE48F258709BED008A3C
:10011000C2F2004080ED000A4846FEF721FE40F2A0
:10012000E46548F2A07638EE000AC2F20045C2F259
:1001300000464046D5ED000A96ED001A05F0A8F9F4
:1001400048F29C7049F67C01C2F20040C2F20041C4
:1001500090ED008A484681ED000AFEF701FE30EE80
:10016000480AD5ED000A96ED001A204605F090F9F0
:1001700098ED1A1A94ED1A2A31EE421A40F2CC6028
:10018000C2F2004049F68001C2F2004140F2F0653F
:10019000B0EEC11A90ED002A00209FEDAC8A81EDEF
:1001A000000AC2F20045B4EE421AF0EE480AF1EE3F
:1001B00010FAD8BF012095ED000A4FF00009386011
:1001C000404605F011FA49F6B406F0EE480AC2F2CC
:1001D000004695ED000A49F6B80530602046C2F2A7
:1001E000004505F001FA39682860002900F0B78061
:1001F00048F280710220C2F20041087048F281701A
:10020000C2F2004080F80090BAE049F6B40681F0EE
:100210000201C2F20046014318BF032840F0B0803B
:100220004EF2E810C2F20040FEF79AFD44F6882034
:10023000B1EE400AC2F2004080ED050A4EF21820ED
:10024000C2F20040FEF78CFD46F6C870AB46C2F223
:10025000004044F65435C2F20045DAED000A80ED64
:10026000050A98ED150A2846FEF772FDB94647F2D1
:100270009407C2F2004794ED150ADAED000A3846F9
:10028000FEF766FD284698ED168AFEF769FDF0EE4A
:10029000400A44F68435B0EE480AC2F200452846CA
:1002A000FEF756FD384694ED168AFEF759FDF0EE3E
:1002B000400A47F2C407B0EE480AC2F20047384687
:1002C000FEF746FD2846FEF74BFD48F25470C2F299
:1002D000004080ED000A3846FEF742FD40F2E8603B
:1002E00048F2186AC2F20040C2F2004A90ED001AC9
:1002F00048F25870C2F20040B0EEC18A80ED000AA8
:100300005046FEF72DFD40F2EC6548F2A47738EE3A
:10031000000AC2F20045C2F200474046D5ED000A8D
:1003200097ED001A05F0B4F849F67C00C2F20040DF
:1003300080ED000A5046FEF713FD30EE480AD5ED79
:10034000000A97ED001A20465D464F4605F0A0F8DA
:1003500049F68000C2F2004080ED000A10E03168EA
:10036000002918BF00280BD048F280710220C2F289
:100370000041087048F28170C2F200400121017012
:1003800048F2547049F68001C2F20040C2F20041C6
:1003900090ED000A49F67C00C2F2004091ED009A0F
:1003A000D0ED000A48F25870C2F2004090ED008A89
:1003B00048F28470C2F2004080ED000A48F28C706E
:1003C000C2F20040C0ED000A48F28870C2F200405C
:1003D00080ED008A48F29070C2F2004080ED009AF1
:1003E00048F2A430C2F2004003F0E6F9B0EE480A49
:1003F000F0EE490A48F25040C2F2004003F0DCF946
:1004000049F200610020C2F20041306028600860BB
:1004100049F2FC51C2F2004138600860BDEC048B27
:1004200001B0BDE8F08F00BFFA0000003F000000FF
:1004300019000000F40100007D00000032000000FF
:100440000B0200001003000026050000CDCCCC3DBF
:1004500080B52DED088B9FED2DAAB0EE609AF0EEE1
:100460004A0A07F0F9FBB0EE408A9FED29BAB4EED4
:100470004B0AF1EE10FA04DD9FED270A38EE008AF0
:1004800008E09FED240AB4EE408AF1EE10FA01DA9A
:1004900038EE0A8A9FED1DAAB0EE490AF0EE4A0A2C
:1004A00007F0DAFBB4EE4B0AF1EE10FA04DD9FED33
:1004B0001A1A30EE010A08E09FED161AB4EE410A4E
:1004C000F1EE10FA01DA30EE0A0A38EE400A9FED3A
:1004D0000F8AF0EE480A07F0BFFBB4EE4B0AF1EECC
:1004E00010FA06DD9FED0C1A30EE010ABDEC088B08
:1004F00080BD9FED081AB4EE410AF1EE10FA01DA60
:1005000030EE080ABDEC088B80BD00BFDB0FC94090
:10051000DB0F4940DB0F49C0DB0FC9C00000000002
:100520002DE9F04F81B02DED068B02F01DFE49F252
:10053000757749F26076C2F2004749F2707B49F262
:10054000847449F29473387849F2547C48F2A4399F
:1005500048F25048002849F2647049F2787249F232
:10056000887E49F2587AC2F20046C2F2004BC2F2CB
:100570000044C2F20043C2F2004CC2F20049C2F28F
:100580000048C2F20040C2F20042C2F2004EC2F283
:10059000004A40F0948099ED150A9FEDB31A9FED43
:1005A000B33A31EE402A30EE033A9FEDB14AB4EE51
:1005B000410A9FEDB06AF1EE10FA4EF276019FED1E
:1005C000AE7A33FE023A98ED152A34EE425AC3F65B
:1005D0001C6132EE066ACAF80010B4EE442A49F2F1
:1005E0005C71F1EE10FAC2F2004123EE073A36FEDA
:1005F000054A99ED1A1A81ED003A49F26C719FEDA6
:100600009F5AC2F200419FED9E6A49F2687535EE2D
:10061000413AC2F2004531EE066A8CED000A24EE42
:10062000074A80ED002AB4EE451A81ED004AF1EE4A
:1006300010FA43F6643198ED1A5A36FE033AC3F6BF
:100640001F61296049F27C759FED8E6AC2F20045F8
:1006500036EE454A43F69F41B4EE465A9FED8A6A0C
:1006600035EE066AC3F63C71296049F28071F1EEFD
:1006700010FAC2F20041254649F28C7423EE073A83
:1006800036FE044AC2F2004481ED003A43F6E671B8
:10069000C4F21401216049F290712C46C2F200416B
:1006A00024EE073A82ED001A81ED003A0121317003
:1006B0008BF800102970197039708EED005A49F2CC
:1006C00072713678C2F200416546012EB1F800C061
:1006D0000CF101060E8030D195ED001A9AED000A5A
:1006E000B4EE401AF1EE10FA11DA49F25C71C2F27E
:1006F000004191ED002A31EE021A85ED001AB4EEA8
:10070000401AF1EE10FAC8BF85ED000A15E0B4EE0C
:10071000401AF1EE10FA10DD49F25C71C2F20041AC
:1007200091ED002A31EE421A85ED001AB4EE401A1E
:10073000F1EE10FA01DA85ED000A9BF80010F3469D
:1007400092461A460129034634D149F2687093ED66
:10075000001AC2F2004090ED000AB4EE401AF1EE29
:1007600010FA11DA49F26C71C2F2004191ED002ADF
:1007700031EE021A83ED001AB4EE401AF1EE10FACF
:10078000C8BF83ED000A15E0B4EE401AF1EE10FA8E
:1007900010DD49F26C71C2F2004191ED002A31EE98
:1007A000421A83ED001AB4EE401AF1EE10FA01DAA3
:1007B00083ED000A2178012934D149F27C709AED49
:1007C000001AC2F2004090ED000AB4EE401AF1EEB9
:1007D00010FA11DA49F28071C2F2004191ED002A5B
:1007E00031EE021A8AED001AB4EE401AF1EE10FA58
:1007F000C8BF8AED000A15E0B4EE401AF1EE10FA17
:1008000010DD49F28071C2F2004191ED002A31EE13
:10081000421A8AED001AB4EE401AF1EE10FA01DA2B
:100820008AED000A1178012946D149F28C709BEDBE
:10083000001AC2F2004090ED000AB4EE401AF1EE48
:1008400010FA23DA49F29071C2F2004191ED002AC8
:1008500031EE021A8BED001AB4EE401AF1EE10FAE6
:10086000C8BF8BED000A27E076E01C3E76E01CBE98
:10087000643B1F3E643B1FBE0BD7233B9F3C3C3F6A
:100880009F3C3CBFE63F1440E63F14C0B4EE401A24
:10089000F1EE10FA10DD49F29071C2F2004191EDD3
:1008A000002A31EE421A8BED001AB4EE401AF1EE36
:1008B00010FA01DA8BED000AD5ED000A9FED820AED
:1008C00030EE800A0020B0EEC01A9FED830AB4EE2D
:1008D000401AF1EE10FA27DA93ED001A9FED7B2A09
:1008E00031EE021AB0EEC11AB4EE401AF1EE10FA6F
:1008F0001ADA9AED001A9FED762A31EE021AB0EE5E
:10090000C11AB4EE401AF1EE10FA0DDA9BED001A9E
:100910009FED702A31EE021AB0EEC11AB4EE401A01
:10092000F1EE10FAB8BF012049F2957144F6543443
:10093000C2F20041C2F2004499ED150A1F46087048
:100940002046FEF705FA2046FEF70AFA44F68436FA
:1009500099ED160AC2F20046D4ED090A3046FEF7B8
:10096000F7F93046FEF7FCF947F2940498ED150AC2
:10097000C2F20044D7ED000A2046FEF7E9F920460E
:10098000FEF7EEF947F2C40798ED160AC2F20047E7
:10099000D4ED090A3846FEF7DBF93846FEF7E0F9F0
:1009A00044F6B43499ED1A0AC2F20044DAED000AB2
:1009B0002046FEF765F92046FEF7D2F9D4ED090A84
:1009C00044F6E834C2F2004499ED1B0A2046FEF7D3
:1009D000BFF92046FEF7C4F947F2F40598ED1A0A6C
:1009E000C2F20045DBED000A2846FEF749F9284629
:1009F000FEF7B6F998ED1B0A95ED091AB1EE400A1B
:100A000047F22815F1EE410AC2F200452846FEF7EA
:100A10009FF92846FEF7A4F996ED098A40F2FC6694
:100A2000C2F2004699ED1E0A96ED009A04F080F895
:100A300089EE000A9FED299AD4ED090A4846A0EEF6
:100A4000098AB0EE480A02F0B7FE98ED1E0A97ED4B
:100A5000098A96ED00AA04F06BF88AEE000A404677
:100A6000A0EE098A95ED090AF1EE400AB0EE480AB7
:100A700002F0A2FE49F2767044F68821C2F20040EC
:100A8000C2F20041002200784A6146F6C871C2F203
:100A9000004100284FF00040486110D149F678002D
:100AA0000021C2F200400122017040F26950C2F2FE
:100AB0000040027049F27570C2F200400170BDEC56
:100AC000068B01B0BDE8F08F76E01CBE643B1FBE14
:100AD0009F3C3CBFE63F14C06F12833A9A99993EFF
:100AE000B0B540F6D001B0EE080AC2F2004140F2C3
:100AF000207449F68405C2F2004491ED011AC2F255
:100B000000450020B4EE401AF1EE10FAC4F24000A5
:100B1000206085ED001A09DAB8EE080AB4EE401A32
:100B2000F1EE10FAD8BF85ED000A01E085ED000A6C
:100B3000F0EE080A95ED000AFEF7D6FB4EF2605083
:100B40009FED1D2AC2F200409FED1C3A90ED001A65
:100B500049F20440B0EEC11AC2F2004032EE411A2E
:100B600081EE021A81FE031A20EE013A90ED000A8E
:100B700049F6000085ED003AC2F2004033EE404AEB
:100B800094ED000A20EE021A80ED004AB4EE414ACC
:100B9000F1EE10FAA8BF80ED001A9FED091A20EEC1
:100BA000010A90ED001AB4EE401AF1EE10FAD8BF27
:100BB00080ED000AB0BD00BF3333333F00000000BA
:100BC000333333BF000000002DE9F04F81B02DED2D
:100BD000028B88B002F0C8FAF0F7E2FA48F2A434C7
:100BE0009FEDD88AC2F2004444F65439F0EE480A28
:100BF000C2F2004994ED150A4846FEF7A9F848F2FA
:100C0000504547F29406C2F20045F0EE480AC2F29F
:100C1000004695ED150A3046FEF79AF84846FEF76D
:100C20009FF83046FEF79CF894ED160A44F684349B
:100C3000C2F20044D9ED090A2046FEF789F8D6ED44
:100C4000090A47F2C406C2F2004695ED160A30467C
:100C5000FEF77EF82046FEF783F83046FEF780F870
:100C600044F6E43044F65C41C2F2004044F660478A
:100C70000025C2F200410078C2F20047CDE90655D6
:100C800030B344F650400091C2F2004044F6544163
:100C9000029044F65840C2F20041C2F20040039173
:100CA00007A9CDE9040148F2A43044F6B43244F671
:100CB000E833C2F20040C2F20042C2F200439FEDAC
:100CC000A20A0021B846019705F0C6FA054600E0E1
:100CD000B84647F2241B47F29C11C2F2004B47F280
:100CE000A0174FF0000AC2F200419BF80000C2F2C8
:100CF000004740B347F290100091C2F2004047F223
:100D00009411029047F29810C2F20041C2F20040E2
:100D1000039106A9CDE9040148F2504047F2F402DC
:100D200047F22813C2F20040C2F20042C2F200436E
:100D30009FED860A0121019705F08EFA07460028EB
:100D400018BF012700E0002748F2A43094ED090AFB
:100D5000DDED070AC2F2004002F02EFD48F25040DD
:100D600096ED090ADDED060AC2F2004002F024FD0C
:100D700044F6882144F6E433C2F20041C2F2004353
:100D800044F618441878C1F814A046F6C871C2F2A7
:100D90000044C2F20041C1F814A080B999ED070ADD
:100DA0009FED6B1AB0EEC00AB4EE410AF1EE10FAF4
:100DB00002DD20B9002101E0218801312180B8B98C
:100DC0002088322814D344F65C410120C2F200414D
:100DD0001870002020800870C8F8000048F2A43085
:100DE000C2F2004004F030FC44F6E433C2F20043A7
:100DF0009BF8000047F25816C2F20046A0B947F22D
:100E000094019FED531AC2F2004191ED070AB0EE32
:100E1000C00AB4EE410AF1EE10FA02DD20B9002159
:100E200001E0318801313180D8B93088322818D3B7
:100E300047F29C110120C2F200418BF80000002013
:100E40003080087047F2A011C2F20041086048F2F9
:100E50005040C2F2004004F0F7FB44F6E433C2F223
:100E600000431878012803D115B12188013102E02F
:100E7000012801D100212180012806D120883228B3
:100E800003D302201870002020809BF80000411E30
:100E9000B1FA81F149093940012902D13188013182
:100EA00002E0012801D100213180012807D13088DA
:100EB000322804D302208BF80000002030809BF8F9
:100EC0000000022838D11878022835D147F2B8201E
:100ED000C2F200400168952901F1010101602BDB9C
:100EE000002101604DF651000122C2F200408BF852
:100EF00000101970017049F67800C2F200400270CB
:100F000049F21450C2F2004040F22C72C2F2004288
:100F1000017040F26040C2F200400068106048F288
:100F20006060C2F20040016040F23470C2F20040E2
:100F30000021C4F24001016008B0BDEC028B01B099
:100F4000BDE8F08F8FC2F53D0D43BC3FA7DCD53F18
:100F5000CDCC4C3D000000002DE9F0472DED088B75
:100F600041F200084FF40051C5F602080122404644
:100F7000F5F7B2FB47F2C624C2F200442088F0B96C
:100F800049F234509FEDA21AC2F2004090ED000ADF
:100F900047F2C420B0EEC00AC2F20040B4EE410AEB
:100FA000F1EE10FA09DD0178092901D8013101704B
:100FB00001780A2903D3FA212180002101702088B9
:100FC000B0B39FED948A48F2A430B0EE480AF0EE38
:100FD000480AC2F2004002F0EFFBB0EE480AF0EE21
:100FE000480A48F25040C2F2004002F0E5FB44F6E5
:100FF00088212288C2F200410020013A2280486103
:1010000046F6C871C2F200414861110440F0FC820A
:1010100049F67801C2F2004108704DF65101C2F262
:101020000041087040F26950C2F200400121EAE23A
:10103000FAF7E2FC02F098F8F0F7B2F840F2F46444
:101040004EF26055C2F20044C2F2004520780128F9
:1010500003D100202860FFF743FD207849F60C09F2
:1010600048F2806AC2F200490028C2F2004A40F009
:10107000418140F6D000C2F20040407A012840F29F
:101080002470C2F2004060D1017801295DD148F29C
:101090007470B7EE002AC2F2004049F60801C2F2AD
:1010A000004149F6100490ED000A49F24850C2F29E
:1010B0000040C2F2004490ED001A40F2C460C2F257
:1010C0000040B4EE410AF1EE10FA90ED000A40F251
:1010D0003C7030FE020AC2F2004090ED001A40F26D
:1010E0004C50C2F2004021EE001A90ED003A40F25E
:1010F0004850C2F2004032EE430A90ED004A49F6F1
:101100007000C2F2004032EE442A90ED005A60EEC8
:10111000050A91ED000A22EE000AE3EE010A9AEDBB
:10112000001AA4EE010AC0ED000A204681ED000A73
:10113000FDF70EFE2046FDF713FE85ED000AFFF7D2
:10114000CFFC012089F80000D4E099F800100029B4
:1011500064D0012940F0CE804EF25C5649F640043E
:10116000C2F20046C2F200440021017096ED000A6E
:10117000DFED280A2046FDF7EBFD2046FDF7F0FDE8
:1011800048F27470B7EE003AC2F2004049F610041B
:10119000C2F2004490ED001A49F24850C2F20040F9
:1011A00090ED002A40F2C460C2F20040B4EE421A50
:1011B000F1EE10FA90ED001A204631FE031A60EEAF
:1011C000010A9AED000AFDF7C3FD2046FDF7C8FDB0
:1011D00085ED000AFFF784FC9AED000AB1EE001AD3
:1011E000B0EEC00AB4EE410AF1EE10FA00F38280CC
:1011F00096ED000AB6EE001AB0EEC00AB4EE410A4F
:10120000F1EE10FA76DC002089F8000072E000BFF1
:101210000000344200000000DA0F494048F2A452B6
:10122000B0EE003AC2F2004249F67001C2F200414B
:101230001FED074A92ED011A40F2F862C2F2004235
:101240009AED000A81ED000A49F6080192ED002AA4
:1012500049F20442C2F2004231EE421AC2F20041A7
:1012600092ED002A0022B0EEC22A81ED000AB4EE0F
:10127000441A9FEDF04A31EE044A49F6100133EE6C
:10128000422AB6EE003AF1EE10FAC2F2004122EE26
:10129000032AB7EE083A34FE010ACA600121017040
:1012A00022EE031A9FEDE52AB4EE402A9FEDE42AD0
:1012B000F1EE10FA81FE028A9FEDDF1A30EE011A7C
:1012C00031FE000A85ED000AFFF70AFC95ED000AE1
:1012D000B4EE480AB1EE480AF1EE10FAC8BF85ED47
:1012E000008A95ED001AB4EE401AF1EE10FAB8BF7C
:1012F00085ED000A49F2444095ED002AC2F2004013
:101300009FEDC71B90ED000AB7EEC00A20EE010B5F
:10131000B7EEC21A9FEDC42BA1EE020BB7EEC00BC5
:1013200085ED000A80ED000AF1F72AFA99F800002D
:10133000012858D149F2044144F68822C2F2004102
:1013400047F2C020C2F20042C2F2004091ED000A12
:1013500046F6C871C2F2004192ED013A90ED001AD2
:101360009FEDB84A91ED012A47F2C82132EE432A97
:10137000C2F20041A0EE041A9FEDB33AB6EE000AA5
:101380009FEDB24A22EE032A91ED003A23EE043A91
:1013900048F26462C2F2004249F6000781FE400A48
:1013A0009FEDA71AA2EE013ABEEE001A00231360C9
:1013B00048F26062C2F20047C2F2004280FE010AB7
:1013C00097ED001A9FEDA22A136040F23472A3EE4B
:1013D000021AC2F2004280ED000A136081ED003A69
:1013E00087ED001A05E047F2C0200021C2F200405C
:1013F0000160FEF7A9F9FCF783F848F2504548F27E
:10140000A436C2F20045C2F200469FED921A44F69D
:10141000684795ED1A0A96ED1A2A30EE010AC2F2D3
:10142000004732EE011ADFED820A384630EE010A3B
:10143000FDF78EFC3846FDF793FC49F2EC30C2F222
:101440000040017801310170CAB2052A0FD3002192
:10145000017040F2644040F29C0196ED150AD5ED12
:10146000150AC2F20040C2F20041FBF7B5FEFDF7DB
:10147000B3FDFBF7E9FE40F264509AED001AC2F2A8
:10148000004097ED092A90ED000A44F6644020EEF2
:10149000010AC2F2004021EE000A90ED001A44F663
:1014A000984031EE021AC2F2004090ED003A31EE5F
:1014B000409A32EE432A99F80000012832EE408A21
:1014C00036D140F2387444F61C47C2F20044C2F2EE
:1014D000004796ED1A0A3846D4ED000AFDF7D0FB16
:1014E000D4ED000A47F25C14C2F2004495ED1A0AEA
:1014F0002046FDF7C5FB47F2BC20C2F20040017850
:1015000029B9F9693962E16921620121017044F662
:101510001C40C2F20040FDF723FC47F25C1039EE9C
:10152000009AC2F20040FDF71BFC38EE008A15E07D
:1015300044F61C44C2F200442046FDF785FB47F206
:101540005C17C2F200473846FDF77EFB47F2BC212C
:101550000020C2F2004160627862087044F62430D4
:1015600040F2FC64C2F20040C2F2004496ED1E0A52
:1015700090ED09AA94ED00BA03F0DAFA8BEE000AB6
:1015800047F2B017C2F20047F0EE490A30463AEE91
:10159000000A97ED091A31EE000A02F00DF947F240
:1015A000640095ED1E0AC2F2004094ED00AA90ED91
:1015B000099A03F0BDFA8AEE000A97ED091AF0EED7
:1015C000480A284639EE000A30EE410A02F0F4F8E3
:1015D00004F076F84DF65000C2F200400078012881
:1015E00005D149F678000221C2F20040017049F2AB
:1015F0007670C2F200400078012805D149F67800E3
:101600000321C2F2004001704FF400510022404615
:10161000BDEC088BBDE8F047F5F75EB800BF00BF32
:10162000666666666666EE3F9A9999999999A93FAA
:1016300000000000DA0FC9C0DA0FC940DA0F49C054
:10164000CDCC4C3D0AD7233C23DBF93C3333733FED
:10165000CDCCCCBDDA0FC9BF4FF47A7004F050F98D
:10166000FAE700000000000047F2D0200121C2F29A
:101670000040017048F25C60C2F200400021C4F2F8
:10168000C0110160642004F03BF9FBE7000000009A
:1016900049F224000021C2F20040006881637047D3
:1016A00080B54FF0500080F31188BFF36F8FBFF308
:1016B0004F8F05F0C9FF30B14EF604504FF0805106
:1016C000CEF200000160002080F3118880BD000090
:1016D000B0B59CB044F6180409A84C21C5F6020424
:1016E000EEF7E5FF02200025CDE90755CDE90555C8
:1016F000CDE90355CDE90155F5F706F900952068C8
:1017000020F440402060206800F4404000900098A1
:1017100020688004FCD5012009904FF480310A91A3
:1017200002212822CDE9152004201491CDE91701CA
:101730000C20199009A80024CDE91211CDE91A4412
:10174000F6F792FB18B1EFF3108072B6FEE73F2078
:10175000019003204FF48061CDE902040820049039
:101760004020CDE90500CDE9071001A80321F6F7D7
:1017700013F920B1EFF3108072B600BFFEE71CB082
:10178000B0BD0000000000004EF6885042F2000C90
:10179000CEF20000C5F2002C026842F47002026032
:1017A000DCF8000000F00F00062806D8DCF8000086
:1017B000072262F30300CCF8000044F200404EF62A
:1017C0007F51C5F60200CEF6F621026842F0010212
:1017D000026000220261036819400160DCF8001019
:1017E000090706D5DCF80010072363F30301CCF8E2
:1017F000001040F200218261C261C0F20221026247
:1018000081620021C0F2FF11C16240F28021C0F26A
:101810000111016342638163C26301644264016830
:1018200021F4802101600266D0F8D410C90448BFB9
:101830007047D0F8D41043F2D20241F48051C0F87E
:10184000D41044F20001C5F200210A60D0F8D4108F
:1018500021F48051C0F8D41070470000000000004F
:101860002DE9F04149F6A800B4EE000AC2F20040AA
:101870004DF6520249F6900349F69C08057800217E
:10188000C2F20042C2F200434FF0590C4FF69B7E69
:10189000C2F200489FED271A04E0002505700131CF
:1018A000802944D0EFB2565C012F07D067B9592E7A
:1018B000F5D183F800C00125F0E700BF592EECD127
:1018C00083F801C00225E9E70135DE55ECB2057069
:1018D000092CE4D100255E1E0827057016F8014F7B
:1018E000013F2544FAD1EDB21C7AA5424FF0000524
:1018F000D5D1B3F90640B0EE413A9E885F8802EE3A
:10190000104AA6F1640474454FF00004B8EEC22AF0
:1019100028BF2F4638BF012402EE003AA8F8007015
:1019200088F80840A8F8026088ED013AB7E7BDE8FA
:10193000F08100BF000080C349F27000C2F2004095
:10194000F7F76EBB0000000010B540F6FF32D0F88C
:1019500000E0C4F2000290420FDCB0F1804F1DD0D5
:1019600040F20043C4F20003984217D040F600034F
:10197000C4F20003984211D015E040F60043C4F2CF
:10198000000398420AD040F20043C4F20103984297
:1019900004D00023C4F20103984204D12EF0700257
:1019A0004B6843EA020E4EF2FF3343F6FF7CC4F26B
:1019B0000003C4F2010C98420FDD604522DC4EF2B8
:1019C0000043C4F20003984238D00023C4F201035C
:1019D000984233D040F2004322E040F2FF73C4F259
:1019E0000003984221DD40F60003C4F20003984250
:1019F00024D040F60043C4F2000398421ED04EF2B9
:101A0000000317E044F20003C4F20103984215D02A
:101A100044F60003C4F2010398420FD044F200439D
:101A2000C4F20103984209D00DE0B0F1804F05D017
:101A300040F20043C4F20003984204D12EF44072F5
:101A4000CB6843EA020E4B6960450A688C68C46241
:101A500082620EDD44F20002C4F20102904213D011
:101A600044F60002C4F2010290420DD044F200425A
:101A700006E00022C4F20102904205D040F200428A
:101A8000C4F20102904201D109690163016841F089
:101A900004010160012141612EF0800119430160C0
:101AA00010BD00000000000010B5846B616A884220
:101AB00012D0A16A884218D0E16A88421FD0216BF7
:101AC000884225D1C06900284FF0080020771FD137
:101AD000012084F841001BE0C06900284FF001009C
:101AE000207715D184F83E0012E0C06900284FF03D
:101AF000020020770CD1012084F83F0008E0C06983
:101B000000284FF00400207702D1012084F8400023
:101B10002046F7F7C1FD0020207710BD000000002F
:101B200010B5846B616A88420AD0A16A884209D0E4
:101B3000E16A884208D0216B884207D1082004E07E
:101B4000012002E0022000E0042020772046F7F781
:101B5000A7FD0020207710BD10B5846B616A884214
:101B60000CD0A16A88420ED0E16A884211D0216B64
:101B7000884214D0012084F83D0015E00120207730
:101B800084F83E0010E002202077012084F83F0016
:101B90000AE004202077012084F8400004E00820B7
:101BA0002077012084F841002046F7F731FA002021
:101BB000207710BD0000000049F2C420C2F20040AE
:101BC000F8F7AEBB0000000049F25830C2F2004006
:101BD000F8F7A6BB00000000816A0A070CD4CA0708
:101BE00015D18A071ED44A0727D4CA0630D48A06DC
:101BF00039D44A0642D454E00268D0F838C0536859
:101C000023F4004343EA0C035360CA07E9D0026897
:101C1000D0F82CC0536823F4003343EA0C0353601C
:101C20008A07E0D50268D0F830C0536823F48033C7
:101C300043EA0C0353604A07D7D50268D0F834C092
:101C4000536823F4802343EA0C035360CA06CED5BD
:101C50000268D0F83CC0936823F4805343EA0C0335
:101C600093608A06C5D50268D0F840C0936823F413
:101C7000005343EA0C0393604A0612D50268D0F879
:101C800044C0BCF5801F536823F4801343EA0C035F
:101C9000536006D1536823F4C00C836C43EA0C03F1
:101CA0005360090658BF70470168C06C4A6822F447
:101CB0000022104348607047B0B582B0044600204F
:101CC000C4F89000F4F710FD21680546096809077B
:101CD00018D54FF4001100226FF07E40009020468E
:101CE0002B4600F0B1FB68B1206850E8000F216876
:101CF00020F0800041E80002002AF5D103202021D5
:101D0000882230E020680068400723D54FF4800126
:101D100000226FF07E40009020462B4600F094FB9E
:101D2000C0B100BF206850E8000F216820F4907017
:101D300041E80002002AF5D1206850E8020F21682E
:101D400020F0010041E80202002AF5D10320202101
:101D50008C2208E02020C4F88800C4F88C00002100
:101D600070220020E166A150002184F8841002B0A6
:101D7000B0BD000000000000806B0021A0F85E10E4
:101D8000F8F722BA00000000806B0368D0F88820C2
:101D9000D0F88CC09B681B061BD5212A19D10022C4
:101DA000A0F85620026852E8002F036822F0C00213
:101DB00043E800210029F5D1016851E8021F0268BB
:101DC00021F4000142E80213002BF5D12021C0F8D4
:101DD000881001688968490632D5BCF1220F2FD1DD
:101DE0000021A0F85E1000BF016851E8001F0268E2
:101DF00021F4907142E80013002BF5D14FF6FE7CE0
:101E0000CEF6FF7C026852E8022F036802EA0C0259
:101E100043E802210029F5D1C16E01290AD100BF92
:101E2000016851E8001F026821F0100142E8001328
:101E3000002BF5D12021C0F88C100021C16641672C
:101E4000D0F8901041F01001C0F89010F8F7BCB92C
:101E5000C169806BB1F5807F30D00021A0F85E10A1
:101E6000016851E8001F026821F4807142E8001304
:101E7000002BF5D1016851E8021F026821F0010131
:101E800042E80213002BF5D1016851E8021F0268F5
:101E900021F0400142E80213002BF5D12021C0F8C7
:101EA0008C10C16E012909D1016851E8001F026838
:101EB00021F0100142E80013002BF5D10021016749
:101EC000C16E012903D1B0F85C10F7F7CDBEF8F769
:101ED000BFBE000000000000806B01210167C16EE1
:101EE000012904D1B0F85C104908F7F7BDBEF8F736
:101EF000B3BE000000000000C169806BB1F5807FB7
:101F000001D1F8F701BF0021A0F85610016851E88F
:101F1000021F026821F0800142E80213002BF5D174
:101F2000016851E8001F026841F0400142E80013D7
:101F3000002BF5D170470000806BF8F7E9BE000078
:101F4000F0B583B004460368806846F6F315D4E91B
:101F50000312104362691043E2691E68CCF6FF75F4
:101F6000104306EA05021043186058684FF2FF4616
:101F700020F4405240F6004011435960C5F600007D
:101F8000A1698342C1F2FF161CBF226A11439A68FD
:101F900047F6FF353240C4F2000511439960DA6A12
:101FA00044F2544122F00F02666AC5F60201324340
:101FB000AB42DA624FF0800218DD41F2FF76C4F2E4
:101FC0000106B34227DC47F60046C4F20006B342DE
:101FD0004DD041F20006C4F20106B34231D041F2C5
:101FE0000046C4F20106B3422BD04DE044F6FF3662
:101FF000C4F20006B3422EDD44F60046C4F20006E9
:10200000B34234D045F20006C4F20006B3422ED0EB
:1020100047F6000627E041F60006C4F20106B34287
:102020000FD041F60046C4F20106B34209D0834204
:102030002AD14A6802F00702062A24D20FF260333E
:102040001EE00A68C2F3C202062A1CD248F29A4372
:10205000C0F6010314E044F20046C4F20006B342A5
:1020600005D044F60006C4F20006B3420CD10A685B
:1020700002F00702062A06D248F29443C0F6010392
:102080001A44127800E080222368834240F6001050
:10209000C0F23D0000F04F80E369B3F5004F40F01F
:1020A0006480402A00F2FC800027DFE812F0410043
:1020B0002101F900F9002701F900F900F9002F01C9
:1020C000F900F900F900F900F900F900F900FF0042
:1020D000F900F900F900F900F900F900F900F90038
:1020E000F900F900F900F900F900F900F9003401EC
:1020F000F900F900F900F900F900F900F900F90018
:10210000F900F900F900F900F900F900F900F90007
:10211000F900F900F900F900F900F900F900F900F7
:10212000F900F900F900F900F900F900F9001B01C4
:10213000F5F7AEFDEFE0931E1E2B00F26080002746
:10214000DFE803F01063746363637863636363635E
:10215000636366636363636363636363636363634C
:1021600063637D00F4F7F4FB69E0402A00F29B8092
:102170000027DFE812F04100C00098009800C70077
:10218000980098009800ED0098009800980098003A
:10219000980098009800A90098009800980098006E
:1021A000980098009800980098009800980098006F
:1021B000980098009800F200980098009800980005
:1021C000980098009800980098009800980098004F
:1021D000980098009800980098009800980098003F
:1021E000980098009800980098009800980098002F
:1021F000980098009800BA00F5F74AFDADE0402A33
:1022000003D14FF40040002719E00020012716E019
:1022100051F8540C800649F20000C0F2D0300ED5BF
:1022200051F8541CC1F3C101C84008E06846F4F7F6
:1022300037FC02E06846F4F7C3FC00270198002849
:1022400000F0A280616A48F24072C0F6010265683F
:1022500032F8112005EB4501B0FBF2F38B424FF051
:102260000101C0F094802E03B34200F2908000215F
:102270000023EEF7DDF80902002341EA10612A4647
:10228000000210EB550041F10001EEF7D1F84FF6D6
:102290000052A0F54071C0F20F02914272D375E076
:1022A0000020012737E00020012756E051F8540CA8
:1022B000800649F20000C0F2D0302CD551F8541CF1
:1022C000C1F3C101C84026E051F8540C800649F220
:1022D0000000C0F2D03040D551F8541CC1F3C10108
:1022E000C8403AE04FF4004015E04FF4004034E0BD
:1022F000F5F7FEFC0FE0F5F7FBFC2EE06846F4F77F
:10230000CFFB06E06846F4F7CBFB24E06846F4F721
:1023100057FC00270198B8B3616A48F24072C0F6D2
:10232000010232F811106268B0FBF1F0510801EBC4
:102330004000B0FBF2F0A0F110014FF6EF729142B5
:1023400024D84FF6F0710140C0F34200084419E070
:102350006846F4F735FC00270198A8B1616A48F295
:102360004072C0F6010232F811106268B0FBF1F061
:1023700000EB5200B0FBF2F0A0F110014FF6EF724B
:10238000914203D82168C860394600E001214FF02E
:102390000110A0660020C4E91D00084603B0F0BD8E
:1023A000020408102040000010B504468C468165E8
:1023B0000021A0F85C20C0F890102220C4F88C0006
:1023C000D4F88000F0B1134641F6516E41F6D9625F
:1023D000C0F6010EC0F60102C0E90FE241F68952D3
:1023E000C0F60102C0E91321216862462431F2F7E8
:1023F00063FF38B11020C4F890002020C4F88C008E
:10240000012010BD206948B1206850E8000F216804
:1024100040F4807041E80002002AF5D1206850E8BD
:10242000020F216840F0010041E80202002AF5D1C4
:10243000206850E8020F216840F0400041E80202A5
:10244000002AF5D1002010BD2DE9F04381B00446EB
:102450000068C0690840401AB0FA80F04009824222
:1024600057D1DDF820800D461646994608F1010740
:1024700009E000BF2068C0692840401BB0FA80F026
:102480004009864245D1002FF4D0F4F72DF9B8F178
:10249000000F01464FF003003CD0A1EB090141457C
:1024A00038D8206801684907E4D5402D18BF802D31
:1024B000E0D0C169090730D4C1690905DAD54FF404
:1024C00000610162206850E8000F216820F49070DC
:1024D00041E80002002AF5D14FF6FE70CEF6FF70FB
:1024E000216851E8021F2268014042E80213002BD4
:1024F000F6D1E06E012809D1206850E8000F21686C
:1025000020F0100041E80002002AF5D1032020212C
:102510002CE0002001B0BDE8F0830821016200BF7B
:10252000206850E8000F216820F4907041E8000214
:10253000002AF5D14FF6FE70CEF6FF70216851E803
:10254000021F2268014042E80213002BF6D1E06E20
:10255000012809D1206850E8000F216820F0100000
:1025600041E80002002AF5D1012008212022C4F808
:102570008C200022E2666267C4F8901084F8842000
:1025800001B0BDE8F083000082B03225F9F754FBBA
:10259000044620B9642003F0B3F9013DF6D140F2BE
:1025A000D070002C08BF0324C2F200404FF6FF7B1E
:1025B000C0F27F0B046004F037F8322003F0A0F97A
:1025C00003F06EFF322003F09BF903F055FFB6EEE7
:1025D00000BA40F2FF3A322040F2FF349FED0AAADF
:1025E0004FF000089FED09CA4FF000099FED08DA8F
:1025F000CFF6E07A9FED07EA9FED07FADFED078A55
:10260000DFED079A12E000BFE02E6542000016439E
:102610000040CE4400002F4400803B440000C844EA
:102620000080D44409F101096420B04648F68901CC
:10263000C8F68801A9FB01124CF6CD41CCF6CC417D
:102640000092A9FB0112019203F05AF949F2EC60E1
:1026500048F2903740F25072C2F20040C2F2004796
:10266000C2F2004200683968126888424FF00A01DD
:1026700008BF0121D2F80730386023EA040048F28D
:1026800088370844C2F8070049F2E86048F28C3203
:10269000C2F20040C2F20042C2F200470068116874
:1026A000106040F24C72C2F2004288424FF00A00C1
:1026B000126808BF0120D2F807106FF3090108441F
:1026C000C2F8070049F2F86048F29832C2F20040BE
:1026D000C2F2004200681168106040F25872C2F203
:1026E000004288424FF00A00126808BF0120D2F869
:1026F00007106FF309010844C2F8070049F2F460BB
:1027000048F29432C2F20040C2F2004200681168FE
:10271000106040F25472C2F2004288424FF00A0048
:10272000126808BF0120D2F807106FF309010844AE
:10273000C2F8070049F2E46048F28032C2F2004079
:10274000C2F2004200681168106040F24072C2F2AA
:10275000004288424FF00A00126808BF0120D2F8F8
:1027600007106FF309010844C2F8070049F2F0604E
:1027700048F28432C2F20040C2F20042006811689E
:10278000106040F24472C2F2004288424FF00A00E8
:10279000126808BF0120D2F807106FF3090108443E
:1027A000C2F8070049F2E06040F28C72C2F20040C9
:1027B000C2F2004200683968126888424FF00A018C
:1027C00008BF0121D2F8073038606FF3090349F2DE
:1027D000FC60C2F200401944C2F80710066803F01A
:1027E000A7F848F29C31C2F2004109688E4209D034
:1027F00048F29C31C2F200410E6048F2A031C2F2B0
:102800000041086048F2A03140F69C03C2F200414A
:10281000C2F200430968401A40F28871C2F20041D6
:1028200080087C284FF00A00096888BF0120D1F891
:1028300007201B78A2431044C1F8070040F24871FA
:102840004EF25C52C2F20041C2F200420120002B63
:10285000096808BF0A2092ED000AD1F807206FF33B
:10286000090220EE0A0A1044C1F8070005F04CFAEC
:1028700046F2B7014FF4B477CBF20B6140F6613604
:1028800051FB000140F26075C0F2B606C2F200458D
:102890000A1202EBD17146F6174201FB1700C1F292
:1028A000C16200F5B470C108A1FB0212910801FBDE
:1028B000170000F5AA711430A1FB06232A6803FB58
:1028C0001711D2F803306FF3963343EA8131C2F81F
:1028D0000310A0FB061248F26E73C2F2004329688F
:1028E00002FB170048F27077B3F90030C2F20047DC
:1028F000D1F80320B7F9007000EE103A02EA0B029B
:1029000048F27C3301EE107A42EAC050B8EEC00AB9
:10291000C1F8030040F2947048F27832B8EEC11A60
:10292000C2F2004049F2507120EE0B0AC2F200429E
:102930000068C2F2004121EE0B8A92ED001AC2F249
:1029400000430968C0F80B1040F25C70A1EE0B0A5E
:10295000C2F2004093ED001A40F69801A1EE0B8AF6
:10296000C2F20041006882ED000A097883ED008A16
:10297000C0F80B1005F0C8F940F27471B0EE480AC7
:10298000C2F200410968C1F80B0005F0BDF940F240
:102990007871C2F200410968C1F80B0049F2385061
:1029A000C2F2004090ED008AB0EE480A05F0ACF8A3
:1029B000B0EE409AB0EE480A05F008FA29EE0C8A0B
:1029C00020EE0C9A3DEE480A05F09EF940F2647143
:1029D00039EE0E0AC2F200414FF60044C0F21F0465
:1029E0000E6804EA8020D6F8071001EA0A010843BD
:1029F000C6F8070005F088F938EE0D0AD6F807107A
:102A0000ABF5C0075D46394041EA4050C6F80700C3
:102A100005F07AF93EEE490AD6F80B1004EA802058
:102A200001EA0A010843C6F80B0005F06DF9D6F873
:102A30000B10394041EA4050C6F80B0048F2A43070
:102A4000C2F2004090ED150A90ED1E8A60EE0FAACA
:102A5000B0EE480A05F0BAF9B0EE689AAAEE809A8C
:102A6000B0EE480A05F050F840F27C70B0EE4E8AA5
:102A7000C2F2004040F2000BC5F2997B0668AAEE54
:102A8000C08AB0EE490AD6F807006FF39F2040EAEB
:102A90000B00C6F8070005F037F9B0EE480AD6F883
:102AA0000B1004EA802001EA0A010843C6F80B0073
:102AB00005F02AF9D6F80B10394041EA4050C6F823
:102AC0000B0048F25040C2F2004090ED150A90ED24
:102AD0001E8A60EE0FAAB0EE480A05F077F9B0EE54
:102AE000699AAAEE809AB0EE480A05F00DF840F215
:102AF0009070B0EE4E8AC2F200400668AAEEC08A1C
:102B0000B0EE490AD6F807006FF39F20584400F54D
:102B1000C830C6F8070005F0F7F8B0EE480AD6F856
:102B20000B1004EA802001EA0A010843C6F80B00F2
:102B300005F0EAF848F27433D6F80B10C2F20043FD
:102B4000394041EA4050C6F80B001A78511C197000
:102B5000CAB200230F2A0CD340F2205248F274313B
:102B6000C2F20042C2F2004110780B7080F0010006
:102B7000107040F2205040F2A471C2F20040C2F244
:102B8000004140F2FF3440F6D00700780968C2F2F5
:102B9000004700284FF00A0008BF0120D1F80720A5
:102BA000A2431044C1F8070040F2A870797AC2F23B
:102BB00000400129006800F10F010DD1D0F8032079
:102BC0008B838B61AB464B610B61CB608B604B6041
:102BD0000B6002EA050114E044F6501244F2535629
:102BE000C0F24E028A60D0F80320C5F220364E6053
:102BF0002A4044F65046AB46C4F245160E6002F138
:102C0000B061C0F8031040F2AC70C2F20040397AF3
:102C10000068012900F10F0112D10B72D0F80320D6
:102C200044F6204302EA0B02C4F245734B6044F6BB
:102C30004C73C4F24E730B6002F180610CE000BF74
:102C4000D0F803208B838B614B610B61CB608B6071
:102C50004B600B6002EA0B01019B009ADB08C0F895
:102C60000310120903EB8303A2EB02125500A9EB38
:102C70004302DFE802F0050E080B14050E080B11E5
:102C800001F0B2FD0EE001F0E7FD0BE001F000FE07
:102C900008E001F0C5FD05E001F02AFE02E001F0C8
:102CA00013FE00BFA8F101064645BFF4BBAC454585
:102CB0007FF4B8AC03F0E4FEB4E4000000000000D0
:102CC00049F29C10C2F20040F7F72ABB0000000056
:102CD00010B549F20814C2F200442046F7F720FB71
:102CE0004DF6D4014FF4C062C2F200412046F6F71F
:102CF0008BFF48F6DC3040F20F41C2F20040C4F2D4
:102D00000201006888426FF0080110DC6F22C4F2F3
:102D10000202904220DC3F22C4F20202904236DCE2
:102D20001022C4F20202904256D028224EE040F215
:102D30006F42C4F2020290421ADC40F23F42C4F2F7
:102D4000020290422ADC40F21042C4F20202904297
:102D500042D040F2284239E09F22C4F2020290425F
:102D600025DC7022C4F20202904235D088222DE088
:102D700040F29F42C4F2020290421FDC40F27042D5
:102D8000C4F20202904227D040F288421EE0402264
:102D9000C4F2020290421FD0582217E040F2404293
:102DA000C4F20202904217D040F258420EE0A02234
:102DB000C4F2020290420FD0B82207E040F2A042D3
:102DC000C4F20202904207D040F2B842C4F20202BA
:102DD000904218BF6FF0040102681140016010BDFD
:102DE00010B549F23024C2F200442046F7F798FAB1
:102DF0004DF6D4614FF48072C2F200412046F6F7DE
:102E000003FF48F6CC4040F20F41C2F20040C4F24A
:102E10000201006888426FF0080110DC6F22C4F2E2
:102E20000202904220DC3F22C4F20202904236DCD1
:102E30001022C4F20202904256D028224EE040F204
:102E40006F42C4F2020290421ADC40F23F42C4F2E6
:102E5000020290422ADC40F21042C4F20202904286
:102E600042D040F2284239E09F22C4F2020290424E
:102E700025DC7022C4F20202904235D088222DE077
:102E800040F29F42C4F2020290421FDC40F27042C4
:102E9000C4F20202904227D040F288421EE0402253
:102EA000C4F2020290421FD0582217E040F2404282
:102EB000C4F20202904217D040F258420EE0A02223
:102EC000C4F2020290420FD0B82207E040F2A042C2
:102ED000C4F20202904207D040F2B842C4F20202A9
:102EE000904218BF6FF0040102681140016010BDEC
:102EF0002DE9F04F81B000F037F9EEF751F948F2C3
:102F0000A43640F25C44C2F20046C2F2004444F6E9
:102F10005435C2F2004596ED150AD4ED000A284654
:102F2000FBF716FF48F25047D4ED000AC2F2004703
:102F300047F29404C2F2004497ED150A2046FBF7CD
:102F400007FF2846FBF70CFF2046FBF709FFD5EDEE
:102F5000090A44F68435C2F2004596ED160A284661
:102F6000FBF7F6FED4ED090A47F2C404C2F20044AE
:102F700097ED160A2046FBF7EBFE2846FBF7F0FE1E
:102F80002046FBF7EDFE44F6B43B96ED1A0AC2F27A
:102F9000004BDFED710A5846FBF772FE5846FBF70F
:102FA000DFFE44F6E83896ED1B0AC2F20048DBED7E
:102FB000090A4046FBF7CCFE4046FBF7D1FE47F23C
:102FC000F40A97ED1A0AC2F2004ADFED640A50468D
:102FD000FBF756FE5046FBF7C3FE97ED1B0A9AED32
:102FE000091AB1EE400A47F22819F1EE410AC2F27D
:102FF00000494846FBF7ACFE4846FBF7B1FE95EDAD
:10300000090AD8ED090A304600F0D6FB99ED090A05
:103010003846F1EE400A94ED090A00F0CDFB44F683
:10302000E43044F61841C2F20040C2F20041027896
:10303000F2B944F65433C2F2004393ED070AB0EEFE
:10304000C00AB7EEC01A9FED420BB4EE401BF1EE82
:1030500010FA0DDC9BED071AB0EEC11AB7EEC11ADB
:10306000B4EE401BF1EE10FA02DC0B8801330B804A
:1030700032B90A88782A03D30222027000220A8019
:1030800047F2241147F25812C2F20041C2F2004244
:103090000B78F3B947F29407C2F2004797ED070A9D
:1030A000B0EEC00AB7EEC01A9FED290BB4EE401B7C
:1030B000F1EE10FA0DDC9AED071AB0EEC11AB7EE78
:1030C000C11AB4EE401BF1EE10FA02DC178801378A
:1030D000178033B91388782B03D302230B70002396
:1030E00013800A78022A2ED10278022A2BD14DF6BB
:1030F00051020123C2F2004213700022027044F612
:103100005C40C2F200400A70027047F29C10C2F2AA
:103110000040027044F66040C2F20040026047F294
:10312000A010C2F20040026048F2A430C2F2004097
:1031300002F08AFA48F25040C2F2004001B0BDE805
:10314000F04F02F081BA01B0BDE8F08F00BF00BFC0
:103150009A9999999999B93FED874440A0FD903D7E
:10316000FEE700000000000010B544F6B02046F66F
:10317000F072C2F200409FED111AC2F2004248F212
:10318000504490ED0F0AC2F20044416848F2A43066
:10319000C2F2004030EE010A80ED000A92ED010A11
:1031A00030EE010AC16084ED000AD16BE16000F0ED
:1031B0003FF92046BDE8104000F03AB9DA0F494027
:1031C000B0B52DED108B044646F6F070C2F200400B
:1031D00094ED020A94ED1A1A90ED03AA90ED11BA3B
:1031E00044F6B02031EE400AC2F2004094F8A850F4
:1031F00090ED03DA94ED048A90ED11CA01F050FFCE
:1032000028EE008A94ED000A94ED011A30EE410A8E
:1032100001F046FF28EE008A94ED010A94ED021AAF
:1032200031EE400A01F03CFF88EE00EA94ED020A1C
:1032300094ED1A1A31EE400A94ED048A01F078FCFC
:1032400028EE008A94ED000A94ED011A30EE410A4E
:1032500001F026FF28EE008A94ED010A94ED021A8F
:1032600094ED159A31EE400A01F01AFF29EE000A9A
:1032700094ED1A1A88EE00FA94ED010A31EE400A34
:1032800094ED078A01F00CFF68EE008A94ED020AC3
:1032900094ED031A30EE410A01F002FF94ED011A99
:1032A00094ED022A32EE411AB0EE408AB0EE410AA5
:1032B00001F0F6FE94ED011A94ED1A2A32EE411A4D
:1032C000B0EE409AD4ED079AB0EE410A01F030FC1E
:1032D00069EE809A94ED020A94ED031A30EE410AE9
:1032E00001F0DEFE69EE809A94ED010A94ED021A77
:1032F000D4ED15AA31EE400A01F0D2FE28EE681A8C
:103300009FED484A2AEE800A81EE092A89EE800A5A
:103310002FEE021AAEEE001AB0EEC13AB4EE443A05
:10332000F1EE10FA0ADA94ED150A94ED238AEFF71C
:1033300057FC38EE000A94ED252A10E0002D0BFE14
:103340000D3A0AFE0C4A23EE0E5A23EE4F3AA2EE35
:10335000045AA0EE043A85EE012A83EE010A84EDB8
:10336000260A94ED150A84ED272A94ED268AEFF7B4
:1033700037FC38EE00AA94ED1E0A01F0D9FBB0EE3E
:10338000408A94ED1E0A94ED279A01F089FE29EEF9
:10339000000A94ED151A48F2F850C2F2004080EE8F
:1033A000019A94ED1E0AAAEE089A94ED288A90EDEF
:1033B00002AA01F0BDFBA8EE40AA94ED160A30EE79
:1033C000000A94ED1F1A20EE018A94ED1E0A01F006
:1033D00067FEA8EE00AA94ED150A94ED291A20EED6
:1033E000018A94ED1E0A01F05BFEA8EE00AA94ED9E
:1033F000150A94ED1F1A20EE010A21EE008A94EDC1
:103400001E0A01F095FBA8EE00AA9FED070A9FEDAA
:10341000071A3AEE000AA0EE019AB0EE490ABDEC96
:10342000108BB0BDBD378635C3F51C41CDCC8C3F6C
:10343000B0B52DED068B82B00446054694ED000A2A
:1034400055F8680F2067A06FC4F88400D4E915010F
:10345000C4E9180194ED048A01F06AFB28EE000A21
:1034600094ED078A84ED0F0A94ED030A01F060FBE6
:1034700094ED081AA8EE001A94ED000A94ED048A5F
:1034800084ED111A01F00CFE28EE000A94ED078A73
:1034900084ED100A94ED030A01F002FE28EE000A02
:1034A00094ED101A94ED0F2A84ED120A94ED113A5E
:1034B00030EE411A94ED054A33EE422A34EE044AC6
:1034C00021EE013A24EE020A24EE011A84ED0B0AE1
:1034D000A2EE023A84ED0C1AB1EEC33A23EE031ABF
:1034E00094ED050A94ED062A84ED0E3AA0EE001A3A
:1034F00094ED0C0A20EE000AA2EE421A94ED0B2A7B
:10350000A2EE020A84ED0D1AA1EE410AB5EE400AC0
:10351000F1EE10FA02DA9FEDA00A01E0B1EEC00A66
:1035200094ED0B1A94ED0C2A94ED0D3A30EE020A4C
:1035300071EE030A01A801F0EFF99DED010A94ED87
:10354000049A30EE000A84ED010A94ED000A01F0BD
:10355000EFFAB0EE408A94ED010A94ED05AA01F06D
:10356000E7FA2AEE000AA9EE080A94ED049A84ED1F
:10357000130A94ED000A01F093FDB0EE408A94ED39
:10358000010A94ED05AA01F08BFD2AEE000A94EDE4
:10359000101A94ED122AA9EE080A94ED059A31EE5C
:1035A000428A84ED140A94ED010A01F079FDA9EE36
:1035B000008A94ED0F0A94ED111A30EE419A94EDC1
:1035C000010A94ED05AA01F0B3FAAAEE009AB0EE52
:1035D000480A04F10800F0EE490A01F09DF9B6EE40
:1035E000000A94ED081A94ED132A284601EE402AA9
:1035F00094ED141A21EE011AA2EE021AB1EEC11ACC
:1036000094ED082AD4ED130A42EE400A94ED140A10
:1036100084ED151A01F080F940F23050B7EE000A3F
:10362000C2F2004094ED1A1A94ED1C2A94ED156A2A
:1036300031EE424A90ED002A94ED185A30EE423AAB
:1036400036EE455A9FED551A94ED1B7A84EE014AE9
:1036500027EE036A40F23C5085EE015AC2F2004068
:10366000D4ED190AD4ED1E1AA2EE046A90ED004AB8
:1036700070EE442AD4ED213A75EE600A84ED1D7A8D
:1036800071EEE31AD4ED283A62EEA32A94F8A8006A
:1036900080EE817A84ED1B6A81EE816A84ED1F6A77
:1036A000E4EE072A84ED165A84ED177AC4ED282A31
:1036B00040B148F2A433C2F2004303F1780093ED25
:1036C0001A5A0BE048F250439FED355AC2F20043BC
:1036D00003F1780093ED1A4A35EE445A49F2385115
:1036E00040F24454C2F20041C2F2004493ED1E4A3B
:1036F000DFED2C0A91ED006A83ED214A35EE465A42
:1037000094ED006A30EE467A03F1A40103F18002E1
:1037100003F1880535EE205A7C3324EE077A40F217
:103720004054B7EEC22AC2F20044A6EE057A93EDE9
:10373000005A23EE053A85ED005A9FED156B80ED9A
:10374000007AB7EEC33A37EE444AB7EEC44A84EE85
:10375000064BA2EE043B94ED004A30EE440AB7EE6D
:10376000C32B83ED002A32EE453A83EE011A91ED28
:10377000003A20EE030A82ED001AA4EE010A81ED60
:10378000000A02B0BDEC068BB0BD00BF00BF00BF99
:10379000FCA9F1D24D62603F000000006F12033BB4
:1037A000DA0F4940DA0FC9BF00F1100280F8A81003
:1037B00082EC050A7047000010B52DED0A8B80EDF4
:1037C000230A90ED150AB0EE608A0446EFF708FA76
:1037D00040F22450B7EE001AC2F2004094ED233AB2
:1037E00094ED244A33EE400A90ED002A94ED049AB9
:1037F00031EE421A84ED258A21EE041AA2EE001A57
:1038000094ED020A94ED1A2A32EE400A84ED231A4E
:1038100084ED241A01F044FC29EE008A94ED000A9C
:1038200094ED011A30EE410A01F03AFC28EE008ACC
:1038300094ED010A94ED021A31EE400A01F030FCD9
:1038400088EE008A94ED020A94ED1A1A31EE400ACD
:1038500094ED049A01F06CF929EE009A94ED000AB7
:1038600094ED011A30EE410A01F01AFC29EE009A9B
:1038700094ED010A94ED021A94ED15AA31EE400A76
:1038800001F00EFC2AEE000A94ED1A1A94ED07AA34
:1038900089EE009A94ED010A31EE400A01F000FC35
:1038A0002AEE00AA94ED020A94ED031A30EE410AC2
:1038B00001F0F6FB2AEE00AA94ED010A94ED021A3B
:1038C00031EE400A01F0ECFB8AEE00AA94ED010A09
:1038D00094ED1A1A94ED07BA31EE400A01F028F976
:1038E0002BEE00BA94ED020A94ED031A30EE410A71
:1038F00001F0D6FB2BEE00BA94ED010A94ED021A0A
:1039000094ED15CA31EE400A01F0CAFB2CEE000A14
:1039100094ED251A29EE012A8BEE000A20EE010A09
:1039200094ED231AA8EE012AAAEE010A84ED092AD1
:1039300084ED0A0ABDEC0A8B10BD000000000000F7
:103940004FF0000260B303292AD3B0B540F2080259
:10395000B1F1020CC2F20042128811D048F6FE7E8C
:10396000431EC0F6010E644613F8015F013C85EA70
:103970000205EDB292B23EF8155085EA1222F3D15B
:10398000D5B210F80C30AB42BDE8B0400AD10844C3
:1039900091B210F8010CA0EB1120B0FA80F04209AE
:1039A00010467047002070474FF00002F0B1032925
:1039B0001CD3B1F1010C12D010B548F2A04E431E39
:1039C000FF22C0F6010E614613F8014F0139624033
:1039D0000C041EF80220F7D1BDE8104000E0FF22E1
:1039E00010F80C00101AB0FA80F042091046704727
:1039F00070B500EB400C48F2FC40C2F200404FF0C2
:103A0000800E00EB0C10A0F1020C00202EFA00F446
:103A1000422514424FF0420608BF21250C4200F116
:103A200001002CF8025F08BF21261C424FF042041F
:103A3000ACF8106008BF21240828ACF82040E5D17C
:103A400049F2BC0048F2FC42C2F20040C2F200421D
:103A500004214F23BDE87040F5F712BF00000000BD
:103A6000B0F900109FED0E2AB0F9020000EE101A16
:103A700001EE100A4EF2D410C2F20040B8EEC00AB5
:103A8000B8EEC11A80EE020A81EE021A80ED000A39
:103A900080ED011A20EE010A80ED020A704700BF96
:103AA0000000C842000000004EF60C500422CEF286
:103AB0000000C0F2FA52BFF34F8F016801F4E061D9
:103AC00011430160BFF34F8F00BFFDE7000000000E
:103AD000F0B581B04DF202500021C2F20040012247
:103AE0000F3800238377D0F81F400133818362F3BE
:103AF0000204072BC0F81F4000F10F00F2D140F282
:103B000050700222C2F200404FF0010C4FF0040E40
:103B100040F24C750168C2F2004540F29477D1F84A
:103B20000330C2F2004762F3C503C1F803300168F5
:103B3000D1F803306CF30203C1F803300168D1F807
:103B4000033023F47073C1F803300168D1F80330F7
:103B50006EF38D23C1F8033001684BF20A00C6F6FC
:103B60009D502E6800F14073C1F80730D1F80B402A
:103B7000052363F30904C1F80B40D6F8031062F380
:103B8000C501C6F803102968D1F803406CF302049C
:103B9000C1F803402968D1F8034024F47074C1F8D7
:103BA00003402968D1F803406EF38D24C1F8034027
:103BB0002968C1F8070040F28070C2F20040D1F8D5
:103BC0000B4063F30904C1F80B400568D5F80310F6
:103BD00062F3C501C5F8031001684BF20205C6F691
:103BE000C445D1F803206CF30202C1F80320016838
:103BF000D1F8032022F47072C1F803200168D1F8D3
:103C000003206EF38D22C1F8032001684BF20A00F5
:103C1000C5F29D20C1F8070040F27470C2F2004066
:103C2000D1F80B2063F30902C1F80B2004680622C7
:103C3000D4F8031062F3C501C4F803100168D1F889
:103C400003306CF30203C1F803300168D1F803308C
:103C500023F47073C1F803300168D1F803306EF3B8
:103C60008D23C1F8033004681423D4F80310C4F87A
:103C7000075063F39631C4F8031040F25C7100689A
:103C8000C2F2004143F23904C0F80B400D68D5F888
:103C9000030062F3C500C5F803000868D0F80350BC
:103CA0006CF30205C0F803500868D0F8035025F4FF
:103CB0007075C0F803500868D0F803506EF38D2576
:103CC000C0F803500D684BF20200C6F20440D5F86C
:103CD000036063F39636C5F80360096800F18C66EB
:103CE000C5F807603D68C1F80B40D5F8031062F3D2
:103CF000C501C5F803103968D1F803506CF302050B
:103D0000C1F803503968D1F8035025F47075C1F833
:103D100003503968D1F803506EF38D25C1F8035074
:103D20003D68D5F80310C5F8070063F39631C5F870
:103D3000031040F278713E68C2F20041C6F80B40B1
:103D40000868D0F8035062F3C505C0F8035008684E
:103D5000D0F803206CF30202C0F803200868D0F802
:103D6000032022F47072C0F803200868D0F8032002
:103D70006EF38D22C0F803200868D0F8032063F3A7
:103D80009632C0F80320096848F20242C6F606429D
:103D9000C0F80720C1F80B404DF20254C2F20044B3
:103DA000204602F0A1FD7821204601B0BDE8F04098
:103DB00002F03ABE00000000F0B581B04DF27A503A
:103DC0000021C2F2004001220F380023DC1D84775D
:103DD000D0F81F40013362F302048183072BC0F83F
:103DE0001F4000F10F00F1D140F260724FF0040C5F
:103DF000C2F200424FF0010E4FF4AA7040F29875E3
:103E00001168C2F20045D1F803306CF3C503C1F864
:103E100003301368D3F803406EF30204C3F8034081
:103E20001368D3F8034024F47074C3F80340136894
:103E3000D3F803406CF38D24C3F803401368D3F820
:103E4000034060F39634C3F8034002201468C4F2C0
:103E50008F30C3F80700D4F80300142363F3DF5056
:103E6000C4F8030040F258731068C2F2004344F2F1
:103E7000C804D0F80B20C0F2060464F39F2219682E
:103E8000C0F80B200222D1F80300052462F3C5001C
:103E9000C1F803001868D0F803106EF30201C0F8EF
:103EA00003101868D0F8031021F47071C0F80310E3
:103EB0001868D0F803106CF38D21C0F8031018684F
:103EC0004BF20A03C6F29D732E6803F14071C0F8ED
:103ED0000710D0F80B1064F30901C0F80B10D6F8E6
:103EE000030020F03800C6F8030028684CF61B5683
:103EF000C0F20306D0F803106EF30201C0F80310FD
:103F00002868D0F8031021F47071C0F803102868F5
:103F1000D0F8031062F38D21C0F80310286840F236
:103F20007C75C2F200454BF60F41C0F66971C0F8CE
:103F30000710D0F80B102F6866F39F21C0F80B1004
:103F4000D7F8030049F23A6620F03800C7F80300BA
:103F50002868C0F21006D0F803106EF30201C0F812
:103F600003102868D0F8031021F47071C0F8031012
:103F70002868D0F8031062F38D21C0F80310286878
:103F800040F29075C2F200454FF20101C5F6D8012A
:103F9000C0F80710D0F80B102F6866F39F21C0F807
:103FA0000B10D7F803004DF2B36620F03800C7F8C5
:103FB00003002868C0F21006D0F803106EF3020167
:103FC000C0F803102868D0F8031021F47071C0F80D
:103FD00003102868D0F8031062F38D21C0F8031095
:103FE000286840F26475C2F200454CF20141C5F602
:103FF000DA11C0F80710D0F80B102F6866F39F2174
:10400000C0F80B10D7F8030047F2C45620F0380070
:10401000C7F803002868C0F21606D0F803106EF344
:104020000201C0F803102868D0F8031021F4707161
:10403000C0F803102868D0F8031062F38D21C0F88F
:104040000310286840F25475C2F200454FF6014152
:10405000C5F6FB01C0F80710D0F80B102F6866F307
:104060009F21C0F80B10D7F8030062F3C500C7F812
:1040700003002868D0F803106EF30201C0F80310A3
:104080002868D0F8031021F47071C0F80310286874
:10409000D0F803106CF38D21C0F803102868D0F815
:1040A0000B10C0F8073064F309014DF27A54C2F2E4
:1040B0000044C0F80B10204602F016FC7821204680
:1040C00001B0BDE8F04002F0AFBC0000000000000D
:1040D00070B54DF2F2500021C2F2004001220F38BB
:1040E000002300BF03F10E048477D0F81F40013392
:1040F00062F302048183072BC0F81F4000F10F0018
:10410000F0D140F268720623C2F200424FF0010C77
:104110004FF0040E40F248751068C2F20045D0F826
:10412000031063F3C501C0F803101168D1F8033020
:104130006CF30203C1F803301168D1F8033023F4A3
:104140007073C1F8033013681421D3F803406EF381
:104150008D24C3F8034013684DF20204C0F6C9442D
:10416000D3F80300C3F8074061F3963040F288713A
:10417000C3F80300C2F20041106843F239020B6831
:104180000524C0F80B200222D3F8030062F3C50017
:10419000C3F803000868D0F803306CF30203C0F8DA
:1041A00003300868D0F8033023F47073C0F803308C
:1041B0000868D0F803306EF38D23C0F80330086828
:1041C0004BF20A03C4F29D332E6803F14061C0F83C
:1041D0000710D0F80B1064F30901C0F80B10D6F8E3
:1041E000030062F3C500C6F803002868D0F8031086
:1041F0006CF30201C0F803102868D0F8031021F412
:104200007071C0F803102868D0F803106EF38D2188
:10421000C0F80310286803F11061C0F8071040F2DD
:104220009C71C2F20041D0F80B5064F30905C0F84C
:104230000B500E68D6F8030062F3C500C6F8030001
:104240000868D0F803506CF30205C0F80350086802
:10425000D0F8035025F47075C0F803500868D0F802
:1042600003506EF38D25C0F80350086803F1C06158
:10427000C0F8071040F2A071C2F20041D0F80B5014
:1042800064F30905C0F80B500E68D6F8030062F31A
:10429000C500C6F803000868D0F803506CF30205A7
:1042A000C0F803500868D0F8035025F47075C0F8C2
:1042B00003500868D0F803506EF38D25C0F8035002
:1042C000086803F14071C0F8071040F2A471C2F20F
:1042D0000041D0F80B5064F30905C0F80B500E688C
:1042E000D6F8030062F3C500C6F803000868D0F8EA
:1042F00003506CF30205C0F803500868D0F803506F
:1043000025F47075C0F803500868D0F803506EF3B8
:104310008D25C0F80350086840F24075C2F2004590
:10432000D0F80B10C0F8073064F30901C0F80B1087
:104330002968D1F8030062F3C500C1F803002868BA
:10434000D0F803106CF30201C0F803102868D0F80D
:10435000031021F47071C0F803102868D0F803101E
:104360006EF38D21C0F80310286803F10451C0F8E2
:104370000710D0F80B1064F309014DF2F254C2F2A9
:104380000044C0F80B10204602F0AEFA7821204617
:10439000BDE8704002F048BB70B54DF26A60002184
:1043A000C2F2004001220F38002300BF03F11504C0
:1043B0008477D0F81F40013362F302048183052B18
:1043C000C0F81F4000F10F00F0D140F244734FF0ED
:1043D000020CC2F200434FF0010E40F284751968DE
:1043E000C2F20045D1F803206CF3C502C1F80320E6
:1043F0001A68D2F803406EF30204C2F803401A6848
:10440000D2F8034024F47074C2F803401C680422FC
:10441000D4F8030062F38D20C4F8030018684BF24F
:104420000A03C5F29D532E6803F14064C0F80740AB
:10443000D0F80B10052464F30901C0F80B10D6F86E
:1044400003006CF3C500C6F803002868D0F8031019
:104450006EF30201C0F803102868D0F8031021F4AD
:104460007071C0F803102868D0F8031062F38D2132
:10447000C0F80310286803F11061C0F8071040F27B
:104480008C71C2F20041D0F80B5064F30905C0F8FA
:104490000B500E68D6F803006CF3C500C6F8030095
:1044A0000868D0F803506EF30205C0F8035008689E
:1044B000D0F8035025F47075C0F803500868D0F8A0
:1044C000035062F38D25C0F80350086803F1C06102
:1044D000C0F8071040F26C71C2F20041D0F80B50E6
:1044E00064F30905C0F80B500E68D6F803006CF3AE
:1044F000C500C6F803000868D0F803506EF3020543
:10450000C0F803500868D0F8035025F47075C0F85F
:1045100003500868D0F8035062F38D25C0F80350AB
:10452000086803F14071C0F8071040F27071C2F2E0
:104530000041D0F80B5064F30905C0F80B500E6829
:10454000D6F803006CF3C500C6F803000868D0F87D
:1045500003606EF30206C0F803600868D0F80360D9
:1045600026F47076C0F803600868D0F8036062F340
:104570008D26C0F803600868D0F80B10C0F807302B
:1045800064F309014DF26A64C2F20044C0F80B10F2
:10459000204602F05DF95A212046BDE8704002F045
:1045A00043BA00000000000010B54DF23C7000213D
:1045B000C2F200404FF400720F3801238177D0F827
:1045C0001F400131828363F302040529C0F81F40B4
:1045D00000F10F00F2D140F2B8724FF0010CC2F2BC
:1045E00000424FF0080E1068D0F8031021F0380197
:1045F000C0F8031011684EF23830C0F20C00D1F848
:1046000003306CF30203C1F803301168D1F80330B2
:1046100023F47073C1F803301368D3F803406EF3CA
:104620008D24C3F8034040F2BC741268C2F2004407
:104630004EF60143C0F6A843C2F80730D2F80B305B
:10464000216860F39F23C2F80B30D1F8030040F2D9
:10465000C07220F03800C1F803002068C2F20042A6
:1046600045F62A43D0F80310C0F20C036CF30201A4
:10467000C0F803102068D0F8031021F47071C0F85E
:1046800003102068D0F803106EF38D21C0F80310DA
:10469000206840F20141C0F695311468C0F8071057
:1046A000D0F80B1063F39F21C0F80B10D4F803006F
:1046B00049F2733320F03800C4F803001068C0F2E8
:1046C0001503D0F803106CF30201C0F80310106852
:1046D000D0F8031021F47071C0F803101068D0F8FE
:1046E00003106EF38D21C0F80310106840F2C472FD
:1046F000C2F200424FF60141C5F20F61C0F8071047
:10470000D0F80B10146863F39F21C0F80B10D4F895
:10471000030041F6753320F03800C4F80300106838
:10472000C0F21403D0F803106CF30201C0F80310B8
:104730001068D0F8031021F47071C0F803101068ED
:10474000D0F803106EF38D21C0F80310106840F20A
:10475000C872C2F2004240F20141C5F23001C0F815
:104760000710D0F80B10146863F39F21C0F80B10EA
:10477000D4F8030020F03800C4F8030010684DF2AC
:104780003C74C2F20044D0F803106CF30201C0F88C
:1047900003101068D0F8031021F47071C0F80310F2
:1047A0001068D0F803106EF38D21C0F80310106864
:1047B0004CF601014EF6C042C2F2C921C0F8071002
:1047C000D0F80B10C0F2080262F39F21C0F80B1062
:1047D000204602F03DF85A212046BDE8104002F084
:1047E00023B90000000000004DF202511020C2F277
:1047F000004102220B5862F302030B500F3079285C
:10480000F8D110B54DF20254C2F20044204602F035
:104810006BF878212046BDE8104002F005B9000091
:104820004DF27A511020C2F2004102220B5862F37D
:1048300002030B500F307928F8D110B54DF27A549D
:10484000C2F20044204602F04FF878212046BDE82D
:10485000104002F0E9B800004DF2F2511020C2F20F
:10486000004102220B5862F302030B500F307928EB
:10487000F8D110B54DF2F254C2F20044204602F0D5
:1048800033F878212046BDE8104002F0CDB8000092
:104890004DF26A611020C2F2004102220B5862F30D
:1048A00002030B500F305B28F8D110B54DF26A644B
:1048B000C2F20044204601F0CBFF5A212046BDE859
:1048C000104002F0B1B8000010B54DF2C4640221EE
:1048D000C2F20044206961F302002061204602F028
:1048E0004FF83C212046BDE8104002F09DB8000082
:1048F00010B54DF200740221C2F20044206961F348
:1049000002002061204602F03BF83C212046BDE831
:10491000104002F089B80000F5EE400AF1EE10FAFE
:1049200023DD80EE200AB7EE002AB0EEC01AB4EE06
:10493000421AF1EE10FA46DD82EE012A48F2587270
:104940009FED771A2021C0F6010200BF5318B0EE88
:10495000413A043993ED001A0B1DA2EE031AF5D16A
:104960009FED6D2A32EE412A3EE0F5EE400AF1EE6F
:1049700010FA46DAB5EE400AF1EE10FA4EDD80EE9E
:10498000200AB7EE002AB0EEC01AB4EE421AF1EED9
:1049900010FA77DD82EE012A48F258729FED601A14
:1049A0002021C0F6010200BF5318B0EE413A04398D
:1049B00093ED001A0B1DA2EE031AF5D19FED562AB6
:1049C00032EE412A70E048F258729FED553A2021AC
:1049D000C0F601025318043993ED002A0B1DA1EE15
:1049E000032AB0EE423AF5D1B1EE421AB5EE400AD2
:1049F000F1EE10FA22FE010A80ED000A002040B21A
:104A00007047F5EE400AF1EE10FA38D1B5EE400AE3
:104A1000F1EE10FA2BDD9FED400AEDE7B5EE400A0E
:104A2000F1EE10FA4DDA80EE200AB7EE002AB0EE71
:104A3000C01AB4EE421AF1EE10FA4DDD82EE012AF0
:104A400048F258729FED361A2021C0F6010200BFCD
:104A50005318B0EE413A043993ED001A0B1DA2EE43
:104A6000031AF5D19FED2C2A32EE412A46E0B5EE2D
:104A7000400AF1EE10FA02DA9FED280ABCE7FC20AA
:104A800040B2704748F258729FED253A2021C0F697
:104A9000010200BF5318043993ED002A0B1DA1EE4B
:104AA000032AB0EE423AF5D1B1EE421AB5EE400A11
:104AB000F1EE10FA22FE010A9FED1B1A30EE010AF8
:104AC0009AE710EE101A40F6DB72C4F2490262F364
:104AD0001E0100EE101A8FE748F258729FED103A4F
:104AE0002021C0F6010200BF5318043993ED002ABB
:104AF0000B1DA1EE032AB0EE423AF5D1B1EE421AF7
:104B0000B5EE400AF1EE10FA22FE010A9FED051AF9
:104B100030EE010A70E700BFDB0FC93FDB0FC9BFF2
:104B2000A59204BDDB0F49C0DB0F49400000000027
:104B3000B5EE001A9FED1E2AA0EE021A9FED1E2A66
:104B4000BDEEC10AB5EE401AF1EE10FA10EE100AF1
:104B5000B8BF013800EE100AB8EEC00A31EE400AC4
:104B60009FED141A20EE010ABCEEC01A30EE022AA4
:104B700011EE100A410A48F2A07118BF002000FE91
:104B8000020AC0F6010101EE100A01EB800090ED6F
:104B9000012AB8EE411A30EE410AB7EE001A31EEA2
:104BA000401A20EE020A90ED002AA1EE020A704798
:104BB00083F9223E00000044000000C40000000011
:104BC000B0F800C0438803FB0CF3B3B1D2F804C0C3
:104BD00040684968021F0439ACF1040092ED010AF3
:104BE00091ED011A00F1040C30EE010A0432043197
:104BF000013B80ED010A6046F0D1002070470000C3
:104C000001804280436070472DE9F04F93B00288E5
:104C10000190B0F80290109207914868129012B378
:104C200010996FF003008D00002600EB810A4FF011
:104C30007E5B2C46129F04E004364446B54207468C
:104C400011D026B138463146EBF731FD37443846AE
:104C5000B245A4F1040840F804BBEDD04146EBF79F
:104C600026FD3819E8E7B9F1000F00F06E810198D0
:104C700004214FEA8908B7EE000AD0F804C009F110
:104C8000010006901098454204200B9001EB89002A
:104C90000390ACF1040012990CEB890A04390991D4
:104CA00000EB89010A9100210E910C900024CDE9BE
:104CB0001190CDE9045C1DE0119812990138119012
:104CC0000398DDF820A0014412910C99824404312C
:104CD0000C910E990F9C04310E910D9949450A993A
:104CE00001440B98DDE9045C0A9100F104000B908B
:104CF00000F01E810698621C10990D9260438A4252
:104D00000CEB800090ED001A16D251462346204647
:104D100091ED002AB0EEC14AB0EEC23A0133EA1872
:104D20004144B4EE443AF1EE10FAC8BF184632FEE0
:104D3000011A0132ECD100E02046B5EE401A002104
:104D4000021BF1EE10FA08BF0121B2FA82F25209F9
:104D500051EA020E22D1A1450CD90C9908FB001191
:104D6000DDE9113252F8047F51F8046F013B1660FF
:104D70000F60F7D10799498881B100FB01F20E98C5
:104D8000099B00FB013003EB820300BF50F8042FA6
:104D900053F8047F013907601A60F7D1B5EE401A65
:104DA000F1EE10FA00F0C28080EE011ACDF808E0B2
:104DB000A9EB040EBEF1010F0CDBDDE9111200BFFF
:104DC00092ED012A101D21EE022A013982ED012AFD
:104DD0000246F5D107984F46CDF820A0B0F802B0B2
:104DE000BBF1000F0ED00E99099801FB0B0259463A
:104DF00092ED012A101D21EE022A013982ED012ACD
:104E00000246F5D1002C0CEB840343D00E98099E8A
:104E1000A1464FEA8B0400FB0B604FF0000CDDF85D
:104E200030A00F9006E000BF0CF1010CC244CC454D
:104E300026442FD00CFB07F0BEF1010F03EB8000DE
:104E400090ED001AB1EE412A0FDB11995546129AE6
:104E500092ED013A95ED014AA2EE034A281D043273
:104E6000013985ED014A0546F2D1BBF1000FDBD0D7
:104E7000594635460F9A00BF92ED013A95ED014A29
:104E8000A2EE034A281D0432013985ED014A054688
:104E9000F2D1C9E710980D998142B9460F91BFF43C
:104EA0000BAF0E9809994FEA8B0A0A9A00FB0B1C6C
:104EB0000B980F9D00FB0B1407E000BF0135109805
:104EC0008542424454443FF4F7AE05FB09F0BEF17D
:104ED000010F03EB800090ED001AB1EE412A10DBC8
:104EE000119F1146129800BF90ED013A91ED014AD1
:104EF000A2EE034A0E1D0430013F81ED014A314606
:104F0000F2D1BBF1000FD9D05F462146604600BF09
:104F100090ED013A91ED014AA2EE034A0E1D0430D4
:104F2000013F81ED014A3146F2D1C7E7FB2027E07E
:104F3000B5EE401A0020F1EE10FA08BF01200299E8
:104F4000084001284FF000001AD1109809FB00F129
:104F5000002081B1019A5368002200BF93ED000A3E
:104F6000B5EE400AF1EE10FA06D101320433914257
:104F7000F4D10A4600E000228A4208BF6FF0040024
:104F800040B213B0BDE8F08F2DE9F04F81B04688F4
:104F9000B1F802904368B0F800A0D2F804E04FEAFC
:104FA0008608A3F1040C4FEA89054FF0000B9FED32
:104FB000180A4F68009704E0BAF1010ACB44C444D0
:104FC00021D00EEB8B020098494607E0131D0139F2
:104FD00082ED001A00F104001A46EDD0B0EE401A3E
:104FE000002EF3D0B0EE401A07466446334600BFA9
:104FF00094ED012A97ED003AA2EE031A0434013B26
:105000002F44F5D1E2E7002001B0BDE8F08F00BFEA
:105010000000000000000000B0F800C0438803FB5F
:105020000CF3B3B1D2F804C040684968021F0439D8
:10503000ACF1040092ED010A91ED011A00F1040CAB
:1050400030EE410A04320431013B80ED010A604632
:10505000F0D100207047000070B50688D0F804C079
:10506000B0F802E04C68B30004E000BF013E04F178
:10507000040410D0BEF1000FF8D0ACF104002146BA
:10508000724600BF50F8045F013A0D601944F9D12F
:1050900000F1040CEAE7002070BD000000000000F1
:1050A0009FED1E1A20EE010A9FED1E2ABDEEC01ACA
:1050B000B5EE400AF1EE10FA11EE100AB8BF013851
:1050C00001EE100AB8EEC11A30EE410A9FED141A33
:1050D00020EE010ABCEEC01A30EE022A11EE100AD0
:1050E000410A48F2A07118BF002000FE020AC0F673
:1050F000010101EE100A01EB800090ED012AB8EEEB
:10510000411A30EE410AB7EE001A31EE401A20EE95
:10511000020A90ED002AA1EE020A704783F9223EAE
:1051200000000044000000C42DE9F041EBF7FCFE54
:105130008020ECF71DF85520ECF71AF85520ECF715
:1051400017F8EBF7E9FE9620EBF732FFEBF7ECFEF2
:105150008020ECF70DF85520ECF70AF85520ECF715
:1051600007F8EBF7D9FE9620EBF722FFEBF7DCFE12
:105170007E20EBF7FDFFB620EBF7FAFFEBF7CCFE56
:105180005020EBF7F1FEEBF7CFFE8020EBF7F0FFBE
:105190005520EBF7EDFF5520EBF7EAFFEBF7BCFEF0
:1051A0009620EBF705FFEBF7BFFE8020EBF7E0FF63
:1051B0005520EBF7DDFF5520EBF7DAFF0446EBF760
:1051C000ABFE9620EBF7F4FE1E2C33D149F2FE38ED
:1051D0000026C0F6010800BFEBF7A6FE06EB46006E
:1051E00008EB000718F800507C782846EBF7C0FF62
:1051F0002046EBF7BDFFEBF78FFE9620EBF7D8FECE
:10520000EBF792FE45F08000EBF7B2FF5520EBF78D
:10521000AFFF5520EBF7ACFF0546EBF77DFE962080
:10522000EBF7C6FEA54208D10136062ED4D10020E8
:10523000BDE8F081FF20BDE8F081B878BDE8F081DD
:105240002DE9F041EBF784FE8020EBF791FF55202C
:10525000EBF78EFFEBF774FE9620EBF7A9FEEBF76A
:1052600077FE8020EBF784FF5520EBF781FFEBF70B
:1052700067FE9620EBF79CFEEBF76AFE1420EBF737
:1052800077FFB620EBF774FFEBF75AFE5020EBF7F1
:105290006BFEEBF75DFE8020EBF76AFF5520EBF726
:1052A00067FFEBF74DFE9620EBF782FEEBF750FE23
:1052B0008020EBF75DFF5520EBF75AFF0446EBF734
:1052C0003FFE9620EBF774FE0F2C30D149F21048C8
:1052D0000026C0F6010800BFEBF73AFE06EB4600D9
:1052E00008EB000718F800507C782846EBF740FFE1
:1052F0002046EBF73DFFEBF723FE9620EBF758FE39
:10530000EBF726FE45F08000EBF732FF5520EBF778
:105310002FFF0546EBF714FE9620EBF749FEA5425A
:1053200008D10136062ED7D10020BDE8F081FF203C
:10533000BDE8F081B878BDE8F08100000000000011
:1053400030EE600A9FED111AB4EE410AF1EE10FA48
:1053500009DD9FED0F2A00BF30EE020AB4EE410ACC
:10536000F1EE10FAF8DC9FED0B1AB4EE410AF1EE03
:1053700010FAA8BF70479FED082A00BF30EE020A5E
:10538000B4EE410AF1EE10FAF8DB7047DA0F49404B
:10539000DA0FC9C0DA0F49C0DA0FC94000000000B7
:1053A000B5EE400AF1EE10FA14DA9FED1C1A002057
:1053B000F4EE410A002130EE011AF1EE10FAA8BF16
:1053C0000121F4EE410A9FED161AF1EE10FAB8BF72
:1053D000012013E09FED0F1A0020F4EE410A002196
:1053E00030EE011AF1EE10FAD8BF0121F4EE410AB5
:1053F0009FED091AF1EE10FAC8BF01200843C0075B
:105400009FED082A01FE021A30EE811A31EE400AA1
:10541000704700BFDA0F49C0DA0FC940DA0F4940C0
:10542000DA0FC9C00000008090ED151A90ED182A1F
:1054300031EE421A48F25041C2F2004140F20A02F3
:10544000401A49F2307CB0FA80F0B0EEC11AC2F2D4
:1054500000424109C2F2004C0023B4EE401A002081
:10546000F1EE10FABCBF5CF821300133128800EE77
:10547000102AB8EE400A20EE800ABDEEC00A10EEF7
:10548000102A9342C8BF01204CF821307047000019
:105490002DE9F0412DED0A8B48F250410446C2F24D
:1054A000004149F23878401AC2F20048B0FA80F060
:1054B000B0EEE08A4609B0EE419AB0EE40AA49F259
:1054C000A07718F80600C2F20047A0BB9FED41BAD2
:1054D00046EA46059FED40CAB1EE040AB7EE001A4F
:1054E000F2EE041AB3EE042AF0EE4C2AB0EE4B3A78
:1054F000F0EE4C3A07EB0510DFED350AF9F7A8FBA3
:1055000044F62420B0EE4B0AF0EE4C0AB0EE4C2AE2
:10551000F0EE4C2AB0EE4C3AF0EE4C3AC2F20040BB
:1055200000EB05109FED2D1ADFED2D1AF9F790FB1A
:10553000012008F8060006EB4600B0EE480A07EB2B
:1055400000152846F9F798FBF0EE4A0A94ED1B0A7D
:105550002846F9F7FDFB2846F9F702FCB5EE409A1C
:10556000F1EE10FA28D049F23C70B0EEC91AC2F23E
:105570000040B0EEC02A00EB860090ED003A31EE1C
:10558000031AB4EE432AF1EE10FA31FE001A81FE3E
:10559000481A80ED001AB4EE410AF1EE10FA11DC5F
:1055A000B1EE412AB0EE401AB4EE420AF1EE10FA22
:1055B00008DAB0EE421A05E080FE480AB1EE481A59
:1055C00080FE011AB0EE410ABDEC0A8BBDE8F08105
:1055D000CDCC4C3D0000FA44000000000050C34612
:1055E000000016430000000048F2504190ED1B1AE5
:1055F000C2F20041B0EEC11A401A40F20A02B0FAFB
:1056000080F049F2447CC2F200424109C2F2004CEF
:105610000023B4EE401A0020F1EE10FABCBF5CF893
:1056200021300133128800EE102AB8EE400A20EE35
:10563000800ABDEEC00A10EE102A9342C8BF0120B6
:105640004CF821307047000048F250410022C2F26D
:105650000041401A49F24471B0FA80F0C2F20041B0
:10566000400941F820207047F1F756F8FCF730F870
:10567000F8F7CEFAF8F740F8F8F7B6FCF8F748FB79
:10568000F8F7AEF8F8F7E8F8F8F712FCF8F774FB5B
:10569000F7F7DEFFF8F770FDF8F7AEFDF8F718F949
:1056A000F8F7EAFCF8F728FDEBF71AFFEBF744F9F7
:1056B000F6F7CAFAF8F748F900F032F9FEE7000009
:1056C0002DE9F0472DED048B48F2A435C2F20045D8
:1056D0002846FDF775FD44F620349FED858AC2F219
:1056E00000449FED849A48F2504894ED001AC2F2AB
:1056F000004821EE081A4046A0EE091A84ED001A6F
:10570000FDF75EFD47F2600094ED003AC2F2004002
:105710009FED792AB4EE423A90ED001A21EE081A74
:10572000F1EE10FAA0EE091AB2EE040A80ED001AAA
:1057300044F64C40C2F2004007DDB4EE403AF1EED0
:1057400010FA06DB4FF0FF3100E00121026811443E
:1057500001600168322901DB322101600168002902
:1057600001DC0021016047F28C16B4EE421AF1EE22
:1057700010FAC2F2004607DDB4EE401AF1EE10FA5C
:1057800006DB4FF0FF3100E0012132681144316047
:105790003168322901DB322131603168002901DCB6
:1057A000002131600068142808DB3168142905DB0A
:1057B00049F21C510122C2F200410A7040F26444D5
:1057C00048F2606A40F234791428C2F20044C2F20E
:1057D000004AC2F200493CDB94ED190A95ED1E1A0D
:1057E00095ED1F2AB7EEC11A20EE020A94ED184A71
:1057F0009FED3B3BB7EEC42A44F6243031EE031B49
:10580000C2F20040B7EEC00A0027A2EE010B9FEDE6
:10581000361BB7EEC00BB7EEC00A20EE010BB6EE9A
:10582000001AF7EEC00B90ED090A44F66440C2F28C
:10583000004020EE010AC0ED000A44F68820C2F2C2
:10584000004047612846FDF7B7FFCAF80070C9F865
:105850000070306814283EDB94ED250A98ED1E1A7E
:1058600098ED1F2AB7EEC11A20EE020A94ED244AE1
:105870009FED1B3BB7EEC42A47F2640031EE031BD9
:10588000C2F20040B7EEC00A0024A2EE010B9FED69
:10589000161BB7EEC00BB7EEC00A20EE010BB6EE3A
:1058A000001AB7EEC02B90ED090A44F69840C2F2F8
:1058B000004020EE010AF1EE420A80ED002A46F691
:1058C000C870C2F2004044614046FDF775FFCAF857
:1058D0000040C9F80040BDEC048BBDE8F08700BF74
:1058E000333333333333D33F666666666666E6BF6B
:1058F0006666663FCDCCCC3D00004842000000000B
:1059000080B5012898BF012001F07EFA002080BDFB
:1059100080B5012998BF012101F0DAFA002080BD8D
:1059200080B501F0B1FB002080BD00000000000048
:10593000EFF3058008B101F07BBE01F071BE0000FD
:1059400070B584B043698E469BB184698CB102897D
:10595000D0E9001C15B2B2F184060269604618BF96
:10596000EE1C0294CDE90063734601F0E1FD039063
:1059700010E00689D0E90013028A30B2843E18BFD5
:10598000C61C03A8CDE900601846734601F06CFD03
:10599000012802D1039804B070BD002004B070BD8E
:1059A00080B5EFF3058181B101F0AAFF01280ED186
:1059B0004EF604504FF08051CEF2000001600020FE
:1059C000BFF34F8FBFF36F8F80BD01F009FB002045
:1059D00080BD0000000000002DE9F047044601F002
:1059E00017F94EF2700049F25057C2F20040C2F26D
:1059F00000474EF21C5A49F260560168C2F2004A52
:105A0000013101603968C2F2004651B1DAF8000094
:105A100000283DD13868E16AC06A884298BF3C607E
:105A200036E03C600068012832D10025701901F091
:105A3000A3F814358C2DF9D14EF26C28C2F200482F
:105A4000404601F099F84EF28029C2F200494846DA
:105A500001F092F84EF20850C2F2004001F08CF8CA
:105A60004EF23C50C2F2004001F086F84EF228504F
:105A7000C2F2004001F080F849F25450C2F20040F6
:105A8000C0F8008049F25C50C2F20040C0F80090BB
:105A90004EF27C004EF28002C2F20040C2F200429E
:105AA000016801310160E06A01218140136800EB67
:105AB000800019431160211D06EB800001F08CF875
:105AC00001F0CEF8DAF8000088B13868E16AC06AFF
:105AD000884228BFBDE8F0874EF604504FF0805151
:105AE000CEF200000160BFF34F8FBFF36F8FBDE8B0
:105AF000F0870000000000004EF2740549F2605A81
:105B00004EF604584EF23C574EF27006C2F2004573
:105B1000C2F2004ACEF200084FF08059C2F20047AC
:105B2000C2F2004603E000BF204601F0B1F8286849
:105B3000C8B101F06DF8F868C468201D00F0F4FFEA
:105B400030680138306028680138286001F088F832
:105B500094F851000228EAD00128E5D070B9206BF2
:105B600001F096F8E0E7DAF800000228DFD3C8F881
:105B70000090BFF34F8FBFF36F8FD8E74FF0500007
:105B800080F31188BFF36F8FBFF34F8FFEE70000E4
:105B900008480068006880F308884FF0000080F330
:105BA000148862B661B6BFF34F8FBFF36F8F00DF0B
:105BB00000BF000008ED00E081B00020009040F23E
:105BC000DC70C2F2004000684FF0500181F3118890
:105BD000BFF36F8FBFF34F8F013001D0FEE700BFDF
:105BE00000980028FCD001B07047000000000000C1
:105BF000F0B581B0044601F053FB49F258514EF222
:105C00006827C2F20041C2F20047086818B1B4F137
:105C1000FF3F2DDD2FE049F600100026C2F20040C4
:105C2000430700F5705300F1070223F0070318BF84
:105C300022F007004EF22052A3F108050D60C2F2D7
:105C40000042C2E9000643E902662A1A42600B6874
:105C500003604EF2F040C2F2004002604EF2942027
:105C6000C2F20040026001203870B4F1FF3F02DC54
:105C70003878002839D134B1600706D024F0070005
:105C800000F1100402E0002400E008344EF2942EEB
:105C9000621EC2F2004EDEF80000824225D24EF2B1
:105CA0002053C2F200431E687068A04207D200BFB2
:105CB000326822B1334616465068A042F8D30A68CB
:105CC000964212D0001BD3F800C0112832681A6027
:105CD0003FD333195A0719D04FF0500080F3118881
:105CE000BFF36F8FBFF34F8FFEE7002401F06CFD11
:105CF000600708D04FF0500080F31188BFF36F8F1A
:105D0000BFF34F8FFEE7204601B0F0BD58607460CE
:105D10004EF22054C2F20044204624689C42FBD339
:105D2000426885189D4203D15B681A44034642606D
:105D30005A689D18A54201D0214606E009688C42A8
:105D400003D0D4E9001422445A609842196018BF65
:105D500003604EF2F0407168C2F20040DEF80020AD
:105D6000511ACEF8001002680CF10804914238BFB5
:105D700001603878716800284FF0000018BF41F0CA
:105D80000041C6E900014EF2FC40C2F20040016849
:105D900001310160AAE7000045F6B93321F00101A5
:105DA00040F8081C4FF0807140F8041CA0F1440139
:105DB000C0F6010340F80C3C6FF0020340E90932E1
:105DC000084670470000000010B548F65C640121E9
:105DD000C2F200442046ECF703FD0520FFF790FDDA
:105DE00002212046ECF7FCFC0520FFF789FD48F670
:105DF000BC540121C2F200442046ECF7F1FC05201E
:105E0000FFF77EFD02212046ECF7EAFC0520FFF7B4
:105E100077FD48F6FC641121C2F200442046ECF7FD
:105E2000DFFC0520FFF76CFD10212046ECF7D8FCC5
:105E30000520BDE81040FFF763BD00000000000032
:105E400080B52DED108B9FEDE19A44F624309FED47
:105E5000E0AAB0EE490A9FEDDFCAB0EE4A1A9FED04
:105E6000DE8AF0EE4C1AF0EE480AB0EE482AF0EE68
:105E7000482AB0EE483AF0EE483AC2F20040F8F74D
:105E8000E7FEB0EE490AF0EE480AB0EE4A1AF0EE2C
:105E90004C1AB0EE482AF0EE482AB0EE483AF0EE3E
:105EA000483A47F26400C2F20040F8F7D1FEB2EE81
:105EB000049A9FEDCBAAF0EE480AF0EE4A1AB0EE33
:105EC0004A2AF0EE482AB0EE491AF0EE483A44F673
:105ED00068409FEDC20AC2F200409FEDC23AF8F757
:105EE000B7FEB2EE00DA9FEDC0BA9FEDC0EAB0EEA9
:105EF0004B0AF0EE480AF0EE4E1AB0EE4D1AB0EE34
:105F0000482AF0EE482AB0EE483AF0EE483A44F615
:105F10001C40C2F20040F8F79BFEB0EE4B0AF0EED8
:105F2000480AB0EE4D1AF0EE4E1AB0EE482AF0EEE6
:105F3000482AB0EE483AF0EE483A47F25C10C2F216
:105F40000040F8F785FEF3EE048A9FEDA9EA9FED85
:105F5000A9FAF0EE4E0A9FEDA8DAB0EE4F1AB0EEB5
:105F6000680AF0EE4A1AB0EE4B2AF0EE482AB0EE7C
:105F70004D3AF0EE483A47F2B010C2F20040F8F75E
:105F800067FEF2EE0E9AF1EE04AAF1EE00CADFED22
:105F90009BBAF0EE6B0AB0EE6B1AB0EE690AF0EE47
:105FA0006A1AB0EE6C2AF0EE482AB0EE483AF0EEEB
:105FB000483A44F6B430C2F20040F8F749FEB0EE79
:105FC000690AF0EE6B0AB0EE6B1AF0EE6A1AB0EEE8
:105FD0006C2AF0EE482AB0EE483AF0EE483A47F222
:105FE000F400C2F20040F8F733FEF0EE08CAF7EE14
:105FF00000DADFED83AAF0EE6B0AF0EE4A1AB0EE9B
:106000004A2AB0EE6C0AB0EE6D1AF0EE482AB0EEF5
:106010006A3AF0EE483A44F6E830C2F20040F8F747
:1060200017FEB0EE6D1AB0EE6C0AF0EE6B0AF0EEF1
:106030004A1AB0EE4A2AF0EE482AB0EE6A3AF0EE7A
:10604000483A47F22810C2F20040F8F701FEF0EE9D
:1060500000DADFED6CEAB0EE690AF0EE6E0AB0EE3F
:106060006B1AF0EE6C1AB0EE6D2AF0EE482AB0EE24
:106070004C3AF0EE483A44F65430C2F20040F8F799
:10608000E7FDB0EE690AF0EE6E0AB0EE6B1AF0EEC4
:106090006C1AB0EE6D2AF0EE482AB0EE4C3AF0EEF3
:1060A000483A47F29400C2F20040F8F7D1FD9FED64
:1060B00056CAF0EE6C0ADFED559AB0EE4C0AB0EE1F
:1060C000691AF0EE4B1AB0EE4B2AF0EE482AB0EE09
:1060D0006A3AF0EE483A44F68430C2F20040F8F7EB
:1060E000B7FDB0EE4C0AF0EE6C0AB0EE691AF0EEB5
:1060F0004B1AB0EE4B2AF0EE482AB0EE6A3AF0EEB8
:10610000483A47F2C400C2F20040F8F7A1FDB1EEF0
:1061100008CAF0EE6E0AB0EE6E1AB0EE683AF0EE13
:10612000483A49F61000F0EE4C1AB0EE4C2AC2F292
:1061300000409FED370ADFED372AF8F789FDB0EE12
:10614000490AF0EE4E0AB0EE4F1AF0EE4A1AB0EEDF
:106150004B2AF0EE482AB0EE4D3AF0EE483A48F2BB
:10616000AC70C2F20040F8F773FDB9EE080AF0EE29
:10617000480AF0EE4C1AB0EE482AF0EE482AB0EE8B
:10618000483AF0EE483A49F64000C2F200409FED2E
:10619000221AF8F75DFD40F26040C2F2004090ED37
:1061A000000A40F22C70C2F2004080ED000A40F27A
:1061B0002870C2F2004080ED000A40F23070C2F256
:1061C000004080ED000ABDEC108B80BD0080BB4418
:1061D00000B88847000048430000000000009643D4
:1061E00000001643005043470000A0420000204238
:1061F0006F12033B0000C84200401C46CDCCCC3D92
:106200000000FA446F12833A000048420000C8437D
:106210006F12033A0AD7A33B0000FAC30000000044
:1062200049F234509FED0A1AC2F2004090ED000A84
:1062300049F2385080EE010AC2F200409FED051A83
:106240000168416020EE010A80ED000A704700BF3E
:1062500000003443DA0F49402DE9F04F81B02DEDB5
:10626000028BDDE90C68B0EE408A0446D8F8007075
:106270000137C8F800703778DDE910AB002FDDE991
:106280000E974AD099ED000A9FED711A20EE010A8F
:10629000F2EE0E0A9FED6F1A2046FFF7F9F88BED2C
:1062A000000A9FED6D2A99ED000A94ED1B1A20EE6D
:1062B000010A9AED001AA0EE021AB0EE480A8AED21
:1062C000001AD4ED1A0AFAF7C3F897ED001A9FEDF9
:1062D000632A31EE023A9AED002AB4EE432AF1EE37
:1062E00010FA10DA9FED5E3AB4EE432AF1EE10FA9E
:1062F00040F38780B0EEC00A9FED5A3AB4EE430AED
:10630000F1EE10FA7DDA0C9900200870C8F8000050
:106310002046FFF799F9012095E0F0EE480A94ED48
:106320001A0A10461D460E461746F8F7A9FC3846CD
:10633000F8F716FD94ED1B0A97ED092AB1EE401A05
:10634000002EB1EE423A284600FE010A42FE030A40
:10635000F8F7FEFC2846F8F703FD95ED090A002E34
:10636000B1EE401A4FF0000000FE010A9FED3D1A09
:106370008BED000A97ED070AB0EEC00AB4EE410AB1
:10638000F1EE10FAD8BF01205DDDD8F800106529C4
:1063900059DBB4EE410AF1EE10FA54DD05469FEDEB
:1063A000330ADFED300A2046FFF71EF938B3B0EEAE
:1063B000480AD4ED1A0AFAF74BF8B7EE001ABFEE06
:1063C000002AB5EE400AB0EEC00AF1EE10FA0F98BE
:1063D0000C9932FE011A9FED262A32EE400A89ED11
:1063E000001A80ED000A0026CAF80060012008703B
:1063F0002046C8F80060FFF727F9CBF80060284670
:1064000021E0D8F8000065284FF000001BDB9FED6D
:10641000160A31EE000AB4EE402AF1EE10FA12DA52
:106420009FED120A2046DFED0F0AFFF7DDF8002886
:106430004FF0000007D00C990870C8F80000204603
:10644000FFF702F90020BDEC028B01B0BDE8F08F30
:106450009A99993F000000006F12033BCDCC4CBDD0
:10646000DA0F4940CDCCCC3DCDCCCCBD58CAB23DE5
:10647000DA0FC9400000000080B5FDF729FB1E209F
:10648000FFF73EFAFDF798FC1E20FFF739FAFDF7FB
:106490001FFE1E20FFF734FABDE88040FDF77CBFE9
:1064A0002DE9F04381B04DF2C46440F2A870C2F20D
:1064B0000044C2F2004001264FF48079216902684D
:1064C000A4F80D904FF0000866F3020184F80F80E5
:1064D00021610425D2F80310282741F03801C2F8C1
:1064E00003100168D1F8032066F30202C1F803200B
:1064F0000168D1F8032022F47072C1F8032001680A
:10650000D1F8032065F38D22C1F803200168D1F88A
:10651000032067F39632C1F8032049F6044203686A
:10652000C6F68B22C1F80720D3F803100B2262F3C2
:10653000DF51C3F80310006844F65041C4F245111E
:10654000C0F80F1044F25351C5F22031C0F81310B7
:1065500044F65011C0F24E01C0F81710204600F06A
:106560000FFA3C21204600F05FFA1E20FFF7C8F921
:106570004DF2007440F2AC70C2F20044C2F200402E
:106580002169026866F30201A4F80D90E6732161A7
:10659000D2F8031041F03801C2F803100168D1F8B5
:1065A000032066F30202C1F803200168D1F803203A
:1065B00022F47072C1F803200168D1F8032065F35A
:1065C0008D22C1F803200168D1F8032067F39632C9
:1065D000C1F8032040F604020368C6F69522C1F80C
:1065E0000720D3F80310082262F3DF51C3F8031029
:1065F000006844F64C71C4F24E71C0F80F1044F6B6
:106600002041C4F24571C0F8131080F8178020466D
:1066100000F0B6F93C21204601B0BDE8F04300F09F
:1066200003BA0000000000002DE9F047FDF7BCFFB1
:106630001E20FFF765F94DF296740520C2F2004462
:1066400001254FF400784FF01409E07340F2B47064
:10665000C2F20040216965F30201A4F80D800268CE
:1066600021614FF2020A0827D2F80310C6F2004A4D
:1066700041F03801C2F8031001680AF10C630026EA
:10668000D1F8032065F30202C1F803200168D1F8B4
:10669000032022F47072C1F803200168D1F80320AE
:1066A00065F38D22C1F803200168D1F80320C1F8F9
:1066B000073069F39632C1F803200268D2F803105C
:1066C00067F3DF51C2F80310006845F24621C4F2B7
:1066D0004931C0F80F1045F22031C4F25041C0F8E2
:1066E0001310C675204600F04BF93C21204600F0FF
:1066F0009BF91E20FFF704F94DF2D2740620C2F276
:1067000000440AF18C63E07340F2B070C2F20040C2
:10671000216965F30201A4F80D8002682161D2F8B5
:10672000031041F03801C2F803100168D1F80320CA
:1067300065F30202C1F803200168D1F8032022F4B6
:106740007072C1F803200168D1F8032065F38D222F
:10675000C1F803200168D1F80320C1F8073069F3BC
:106760009632C1F803200268D2F8031067F3DF51B4
:10677000C2F80310006845F24151C4F65471C0F8E4
:106780000F1044F22011C4F64951C0F81310C67519
:10679000204600F0F5F83C21204600F045F91E2087
:1067A000FFF7AEF84DF60E040720C2F200440923AD
:1067B000E07340F2CC70C2F20040216965F302013F
:1067C000A4F80D8002682161D2F8031041F038016D
:1067D000C2F803100168D1F8032065F30202C1F882
:1067E00003200168D1F8032022F47072C1F803205D
:1067F0000168D1F8032065F38D22C1F803200168F8
:10680000D1F80320C1F807A069F39632C1F803203C
:106810000268D2F8031063F3DF51C2F80310006876
:1068200044F65301C4F64F71C0F80F1042F2540100
:10683000C5F24E51C0F813104D21A0F81710204694
:1068400000F09EF83C212046BDE8F04700F0ECB88F
:10685000A521017049F24C7148F2A05CC2F20041DE
:106860005123A0F80130C0F6010C0A78C270531C05
:106870000B70FF224FF0FF31D2B2431801315B7829
:10688000032982EA03021CF80220F5D180B50271C7
:1068900040F2D072C2F2004240F20131C0F2031164
:1068A000C0F80510118849F2FE1CA0F80910582202
:1068B00001F58071A0F80B10411E4FF6FF7EC0F667
:1068C000010C00BF11F8013F013A83EA0E03DBB26D
:1068D0001FFA8EFE3CF8133083EA1E2EF2D1A0F888
:1068E00058E080BD00000000A521017049F24C7104
:1068F00048F2A05CC2F200416F23A0F80130C0F65C
:10690000010C0A78C270531C0B70FF224FF0FF314C
:10691000D2B2431801315B78032982EA03021CF8E2
:106920000220F5D180B5027140F2D072C2F200426D
:1069300040F20131C0F20411C0F80510118849F28B
:10694000FE1CA0F80910762201F58071A0F80B104A
:10695000411E4FF6FF7EC0F6010C00BF11F8013F4B
:10696000013A83EA0E03DBB21FFA8EFE3CF81330C5
:1069700083EA1E2EF2D1A0F876E080BD0000000070
:1069800010B50446A5203322207049F24C70C2F2A3
:106990000040A4F801200178E1704A1C027048F21E
:1069A000A052FF214FF0FF30C0F60102C9B22318F8
:1069B00001305B78032881EA0301515CF6D140F293
:1069C000D0702171C2F2004040F20131C0F21011CA
:1069D000C4F805100088A4F8090000F58070A4F838
:1069E0000B0004F11C00E9F7EFFD216949F2FE1CE0
:1069F0006FF3DF514FF6FF7241EAC0502061601E15
:106A00003A21C0F6010C00BF10F8013F013983EABA
:106A10000203DBB292B23CF8133083EA1222F3D1C4
:106A2000628710BD00000000F0B581B00C4605463D
:106A3000FEF77EFF49F208170646C2F2004700BF84
:106A4000F86FEDF7D5FB01280ED0FEF771FF801B24
:106A5000652803D20120FEF753FFF1E749F2081041
:106A6000C2F20040F3F768FB49F208102946C2F26F
:106A70000040224601B0BDE8F040F4F7F1B8000054
:106A80004DF23C711020C2F2004102220B5862F319
:106A900002030B500F305B28F8D1B0B54DF23C74B7
:106AA000C2F200442046FFF7D3FE5A212046FFF7EA
:106AB000BBFF1E20FEF724FF4DF296740225C2F2A2
:106AC0000044206965F3020020612046FFF758FF6B
:106AD0003C212046FFF7A8FF1E20FEF711FF4DF2D4
:106AE000D274C2F20044206965F30200206120469E
:106AF000FFF746FF3C212046FFF796FF1E20FEF7DA
:106B0000FFFE4DF60E04C2F20044206965F3020058
:106B100020612046FFF734FF3C212046BDE8B0400D
:106B2000FFF782BF00000000D0E9013201699A60DE
:106B3000D0F808C04A6882424FF00002CCF8043016
:106B400008BFC1F804C0026108680138086008681D
:106B500070470000000000004EF29C43C2F2004368
:106B600003604EF29820C2F200400860802010605E
:106B7000704700000000000002464FF0FF3142F86D
:106B8000081F00214260C0E9032201607047000035
:106B9000002101617047000080B5D1F800C01CF1F0
:106BA000010207D000F108039E465B681A6862453F
:106BB000FAD901E0D0F810E0DEF804204A60CEF8FF
:106BC00004109160C1F808E00861016801310160BA
:106BD00080BD000000000000D0F800C043684B609A
:106BE0009A688A609A689960086151600CF10101A5
:106BF0000160704700000000DFF80C00016841F4FC
:106C0000700101607047000088ED00E000000000A6
:106C10004FF0500080F31188BFF36F8FBFF34F8F99
:106C200040F2DC70C2F200400168002901F101016C
:106C3000016000D070474EF60450CEF200000068AC
:106C4000000608BF70474FF0500080F31188BFF373
:106C50006F8FBFF34F8F00BFFEE700000000000002
:106C600040F2DC70C2F20040016839B101390160C4
:106C700018BF7047002080F3118870474FF0500014
:106C800080F31188BFF36F8FBFF34F8FFEE70000D3
:106C9000B0B5002808BFB0BD4EF26821C2F2004175
:106CA0000978002918BF4FF0004150F8042C114218
:106CB0000DD0A0F1080423689BB14FF0500080F381
:106CC0001188BFF36F8FBFF34F8F00BFFEE74FF008
:106CD000500080F31188BFF36F8FBFF34F8F00BF59
:106CE000FEE722EA010140F8041C054600F0D8FA4C
:106CF0004EF2942055F8041CC2F200402A46036864
:106D0000194401604EF22051C2F200410846096860
:106D1000A142FBD34368C518A54204D152F8042C04
:106D200004461A4442606368E2188A4201D00A4667
:106D30000AE049F25852C2F200421268914203D06E
:106D4000D1E9002119446160A042226018BF0460AB
:106D50004EF20050C2F20040016801310160BDE80E
:106D6000B04000F031BD00004EF210000021CEF224
:106D7000000044F6D352C1F262020160816040F229
:106D80000C51C2F200410968A1FB02124FF0FF3121
:106D900001EB921141600721016070470000000083
:106DA000EFF30580102814D34EF2F0314DF200526B
:106DB000CEF20001C2F20042405C1178884208D253
:106DC0004FF0500080F31188BFF36F8FBFF34F8FE8
:106DD000FEE74EF60C504DF64C01CEF20000C2F22A
:106DE00000410068096800F4E060884298BF70477D
:106DF0004FF0500080F31188BFF36F8FBFF34F8FB8
:106E0000FEE700000000000070B5002852D04EF2EE
:106E10007801C2F200410A684AB14FF0500080F395
:106E20001188BFF36F8FBFF34F8F00BFFEE705469A
:106E30000868013008604EF2505049F25054C2F2D6
:106E40000040C2F20044066820680430FFF76CFE80
:106E500060B920684EF28002C2F200420121C06A8D
:106E600001FA00F0116821EA000010602068AD19F5
:106E7000456009D349F25C50C2F2004000682168C5
:106E80000431FFF789FE10E049F25450C2F200408D
:106E9000006821680431FFF77FFE4EF2F440C2F231
:106EA000004001688D4238BF056000F08DFC00286D
:106EB00018BF70BD4EF604504FF08051CEF2000066
:106EC0000160BFF34F8FBFF36F8F70BD00000000F4
:106ED00070B580B1C9B14EF27802C2F200421368B7
:106EE000EBB14FF0500080F31188BFF36F8FBFF309
:106EF0004F8F00BFFEE74FF0500080F31188BFF3C3
:106F00006F8FBFF34F8F00BFFEE74FF0500080F34D
:106F10001188BFF36F8FBFF34F8F00BFFEE7136879
:106F2000013313604EF25053C2F200431A680668F0
:106F3000B242314402D2B14202D32AE0B14201D37B
:106F4000914226D949F250540160C2F200441D68B2
:106F50008E1A20680430FFF7E7FD60B920684EF212
:106F60008002C2F200420121C06A01FA00F01168F9
:106F700021EA000010602068AD1945600BD349F28A
:106F80005C50C2F20040006821680431FFF704FE43
:106F900012E0016010E049F25450C2F20040006873
:106FA00021680431FFF7F8FD4EF2F440C2F20040D0
:106FB00001688D4238BF056000F006FC002818BF4C
:106FC00070BD4EF604504FF08051CEF200000160CB
:106FD000BFF34F8FBFF36F8F70BD00000000000044
:106FE00070B5A8B149F250560446C2F20046306866
:106FF000844208BF70BDFFF70BFE4EF22851606956
:10700000C2F2004188420CD0BDE87040FFF728BEB4
:107010004FF0500080F31188BFF36F8FBFF34F8F95
:10702000FEE7A06A0028EFD1251D2846FFF77CFD6A
:107030004EF28002E06AC2F20042012181401368F0
:1070400000EB8000194349F26053C2F20043116023
:1070500003EB80002946FFF7BFFDE06A3168C96A8B
:107060008842D1D34EF604504FF08051CEF200004A
:107070000160BFF34F8FBFF36F8FBDE87040FFF724
:10708000EFBD000000000000B0B586B005A804A95F
:1070900003AA0024CDE90444FFF75EFDDDE90320E7
:1070A000CDE9004045F6F92015A1C0F60100002306
:1070B000059D029500F03CFA4EF29840C2F2004065
:1070C0000560DDB14FF0500080F31188BFF36F8F82
:1070D000BFF34F8F4EF2F440C2F200404FF0FF3149
:1070E00001604EF21C50C2F20040012101604EF2DC
:1070F0005050C2F20040046000F01EF906B0B0BD6E
:1071000049444C4500000000F0B581B00446FFF74B
:107110007FFD49F25057002CC2F2004708BF3C687F
:10712000261D3046FFF700FDA0B9E06A49F2605223
:10713000C2F2004200EB800152F8211051B94EF228
:1071400080020121C2F2004201FA00F0116821EA36
:1071500000001060A06A18B104F11800FFF7E4FC09
:107160004EF228553146C2F200452846FFF734FD5D
:1071700094F85000012802D1002084F85000FFF755
:107180006FFD4EF21C56C2F200463068B0B1FFF7F8
:107190003FFD49F25450C2F200400168096821B134
:1071A0000068C068C068406801E04FF0FF304EF2F0
:1071B000F441C2F200410860FFF752FD3868844292
:1071C00001D001B0F0BD306878B14EF27800C2F263
:1071D00000400068A8B14FF0500080F31188BFF361
:1071E0006F8FBFF34F8F00BFFEE74EF2700029682C
:1071F000C2F200400068814210D10020386001B026
:10720000F0BD4EF604504FF08051CEF20000016008
:10721000BFF34F8FBFF36F8F01B0F0BD4EF2780018
:10722000C2F20040006838B14EF254500121C2F25F
:107230000040016001B0F0BD4EF254500021C2F296
:10724000004001604EF28000C2F2004049F26051FD
:10725000C2F200410068B0FA80F0C0B2C0F11F0075
:1072600000EB800051F820206AB101EB800000F1B2
:107270000802416849684160914201D14968416012
:107280004068C068BAE74FF0500080F31188BFF340
:107290006F8FBFF34F8F00BFFEE7000000000000BC
:1072A0004EF27800C2F2004001680131016070477F
:1072B0004EF27800C2F20040006830B14EF25450F5
:1072C0000121C2F20040016070474EF2545000218B
:1072D000C2F2004001604EF28000C2F2004049F26A
:1072E0006051C2F200410068B0FA80F0C0B2C0F153
:1072F0001F0000EB800051F8202092B101EB8000CC
:1073000000F10802416849684160914201D1496831
:10731000416049F250514068C2F20041C0680860C3
:1073200070474FF0500080F31188BFF36F8FBFF3A9
:107330004F8F00BFFEE70000B0B584B04EF20040B2
:107340004CF27021CEF20000C4F20F114B1CD0F8A9
:1073500000299A4209D14FF0500080F31188BFF301
:107360006F8FBFF34F8F00BFFEE7D0F800298A422E
:1073700009D14FF0500080F31188BFF36F8FBFF336
:107380004F8F00BFFEE701784DF200520291FF21BE
:107390000170C2F2004201788DF807109DF80710C5
:1073A00001F0500111704DF64C010722C2F200416C
:1073B0000A609DF90720B2F1FF3F0CDC062200BFF6
:1073C0000A60013A9DF807305B008DF807309DF99F
:1073D0000730002BF4D40A68032A3BD14FF44072E3
:1073E0000A6002990170D0F8201941F47001C0F8C8
:1073F0002019D0F8201941F07041C0F82019FFF78A
:10740000B3FC40F2DC740025C2F200442560FFF7B3
:10741000F3FB4EF63470CEF20000016841F04041BB
:107420000160FEF7B5FBFFF743FF039520684FF0BF
:10743000500181F31188BFF36F8FBFF34F8F01307D
:1074400002D000BFFEE700BF03980028FCD0002058
:1074500004B0B0BD4FF0500080F31188BFF36F8FC0
:10746000BFF34F8FFEE700002DE9F0478146900003
:10747000984614460F46FEF7BBFB70B105465420F4
:10748000FEF7B6FB30B1064605634EB94FF0FF304C
:10749000BDE8F0872846FFF7FBFB0026002EF5D05D
:1074A000306BDDF824A0089D002100EB8400A0F1E2
:1074B000040086F8511020F0070406F134005FB193
:1074C0007A5C42547A5C1AB10F2901F10101F7D1BB
:1074D000002086F8430000E00170062D06F104004C
:1074E00028BF06250027C6E91157F562FFF750FBB4
:1074F00006F11800FFF74CFB85F00700B06120464D
:107500004946424636617662F76486F85070FEF767
:1075100043FC30603046BAF1000F18BFCAF8006073
:10752000FEF75AFA0120BDE8F087000000000000D5
:107530002DE9F04782B0DDF82CC0BCF1000F21D05E
:107540000C9C44B354270197019F542F2DD1DDF893
:1075500028A004F13406019FC4F830C04FF00207A0
:1075600084F8517059B30027CD5DF555CD5D1DB13F
:107570000F2F07F10107F7D181469846002084F8C4
:10758000430020E04FF0500080F31188BFF36F8F6D
:10759000BFF34F8FFEE74FF0500080F31188BFF329
:1075A0006F8FBFF34F8F00BFFEE74FF0500080F3A7
:1075B0001188BFF36F8FBFF34F8F00BFFEE7814687
:1075C0009846002030700CEB8200BAF1060FA0F153
:1075D00004004FF0000528BF4FF0060A20F007070F
:1075E000201DC4E911A5C4F82CA0FFF7D1FA04F1BD
:1075F0001800FFF7CDFA8AF00700A0613846494627
:10760000424624616462E56484F85050FEF7C4FB8E
:1076100020602046FEF7E0F9204602B0BDE8F08782
:107620004EF25050C2F20040006870470000000067
:1076300080B5FFF7B5FB4EF25050C2F20040006833
:1076400080BD0000000000002DE9F04F81B04EF237
:107650007800C2F20040006840B14EF204500024AD
:10766000C2F20040016801310160A9E04EF25050C1
:10767000C2F2004001684E1C06602ED349F25450FD
:10768000C2F200400168096849B14FF0500080F330
:107690001188BFF36F8FBFF34F8F00BFFEE749F232
:1076A0005C520168C2F200421368036011604EF23E
:1076B000F841C2F200410A6801320A6001680968B3
:1076C00021B10068C068C068406801E04FF0FF3039
:1076D0004EF2F441C2F2004108604EF2F44149F228
:1076E000505AC2F20041C2F2004A0868864201D2F2
:1076F00000244FE049F2545B0024C2F2004BDBF857
:1077000000000068E0B34EF280090127C2F2004990
:1077100020E000BFD8F82C00D9F8002007FA00F1CB
:1077200000EB80001143C9F8001049F26051C2F229
:10773000004101EB80002946FFF74EFAD8F82C00F3
:10774000DAF80010C96ADBF800208842106828BF08
:107750003C46C0B1DBF80000C068D0F80C8045465C
:1077600055F8040F864210D32846FFF7DDF9D8F804
:1077700028000028CED008F11800FFF7D5F9C9E796
:107780004FF0FF3005E04FF0FF304EF2F441C2F20F
:1077900000410860DAF8000049F26051C2F200418D
:1077A000C06A00EB800051F8200001284EF25450CE
:1077B000C2F2004088BF01240068002818BF0124DD
:1077C000204601B0BDE8F08F2DE9F04F81B04EF2B8
:1077D0007804C2F20044206868B1FFF719FA206803
:1077E00001382060206880B10024FFF739FA204674
:1077F00001B0BDE8F08F4FF0500080F31188BFF367
:107800006F8FBFF34F8F00BFFEE74EF27000C2F2E2
:10781000004000680028E7D04EF208564EF2545857
:10782000C2F20046C2F200483068002844D04EF24E
:10783000800549F2605949F2505A4FF0010BC2F2EB
:107840000045C2F20049C2F2004A00BFF068C768B2
:1078500007F11800FFF768F93C1D2046FFF764F9AF
:10786000F86A2A680BFA00F100EB800011432960E6
:10787000214609EB8000FFF7AFF9F86ADAF800104B
:10788000C96A884228BFC8F800B030680028DDD136
:1078900097B149F25450C2F200400168096821B121
:1078A0000068C068C068406801E04FF0FF304EF2E9
:1078B000F441C2F2004108604EF20454C2F20044A6
:1078C00025685DB1012600BFFFF7BEFE002818BF86
:1078D000C8F80060013DF7D100202060D8F8000012
:1078E00000283FF481AF4EF604504FF08051CEF2A5
:1078F000000001240160BFF34F8FBFF36F8F74E767
:1079000050B3F0B581B00446FFF74AFAEFF31186A1
:107910004FF0500080F31188BFF36F8FBFF34F8F8C
:107920004EF228516069C2F2004188420FD1A06A2C
:1079300068B94EF27800C2F200400068A8B14EF279
:10794000085004F11801C2F20040FFF745F9002089
:1079500086F3118801B0F0BD4FF0500080F311881C
:10796000BFF36F8FBFF34F8FFEE749F25050E16ACC
:10797000C2F20040251D00270068C06A81422846E7
:1079800028BF0127FFF7D0F84EF28002E06AC2F26A
:10799000004201218140136800EB8000194349F245
:1079A0006053C2F20043116003EB80002946FFF7E9
:1079B00013F93846CCE74100080218BF04200A0E2C
:1079C00018BF40F001004FF07F4232EA010108BFCA
:1079D00040F00200012808BF0520704710B54FF0A5
:1079E0000E402DED028BB0EE408A18EE104A00EBEF
:1079F0004400B0F1506F4AD84FF0FC40B0EB440F58
:107A000022D2B0EEC80AF7EE000A30EEC00AF6EE57
:107A1000000A60EE208A18EE900A00F079FB01EE71
:107A2000100A14F0004F1DBFDFED2D0A9FED2D0A47
:107A3000B1EE411ADFED2C0A08BF9FED2C0AF8EEDB
:107A4000001A21EE218A05E0DFED290A68EE088A96
:107A5000B0EE600A9FED271ADFED271A30EE080A14
:107A600048EE811A9FED251A08EEA11ADFED241ABF
:107A700048EE811A9FED231A08EEA11A68EE281A23
:107A8000BDEC028B01EE810A30EE200A10BD4FF0F2
:107A9000E440B0EB440F0CD918EE100AFFF78BFF4F
:107AA000042808BF00F082FAB0EE480ABDEC028B51
:107AB00010BD4FF07F40B0EB440F07D2B0EE480A44
:107AC000BDEC028BBDE8104000F065BA0120E8F77C
:107AD0001DFEBDEC028BBDE8104000F05FBA000057
:107AE0000000C9BF22AAFDB90000C93F22AAFD3982
:107AF0000000000024FE1C3DC78AD83C1E67383DAC
:107B00001B93993DAFAA2A3E10EE101A08B5444ABD
:107B10006846B2EB410F28D94FF0E640B0EB410F79
:107B200094BF00204FF0FF3000900098002861DBE8
:107B300060EE000A10F0010F45D010F0020FDFEDEB
:107B4000391A9FED391A00EEA11ADFED381A40EE0E
:107B5000811A21EEA01AF0EE400A40EE010A08BF99
:107B6000F1EE600AB0EE600A08BD314B21F0004230
:107B700093423CD911F0004FDFED2E0A20EE201A7F
:107B8000DFED2D0A19BF31EE601A71EE200A31EED9
:107B9000201A71EE600ABDEEE01A11EE100A9FED98
:107BA000271A00F0030000EEC10A9FED251A00908D
:107BB00000EEC10A9FED231A00EEC10A9FED221AC2
:107BC00000EEC10AB1E79FED211A9FED210A10F0E6
:107BD000020F00EE810A9FED1F1A00EE801AB7EE29
:107BE000000A00EE810A18BFB1EE400A08BD00F09D
:107BF000E5F99AE710EE100A4000B0F17F4F3CBF64
:107C0000B7EE000A08BD07D14FF00100E8F77EFD8E
:107C1000BDE8084000F0C2B9BDE8084000F0BBB9BB
:107C2000B61F927E336D4CB9DA82083CA0AA2ABEF8
:107C3000490E494683F9223F0000004B0000C93F2E
:107C400000A0FD390020A2331A61342CB93AB2BA2F
:107C5000CA9F2A3DDDFFFFBE10B52DED028BF0EE71
:107C6000408A18EE900AB0EE608A20F00040C0F121
:107C7000FF40C00F07D118EE100A20F00040C0F1FD
:107C8000FF40C00F2BD018EE101A18EE900A00F02B
:107C9000B9FA00EE100A10EE100A6FEAD05010F098
:107CA000FF0F04BFBDEC028B10BD18EE900A00F070
:107CB000004110EE100A00F00040814204BFBDEC0C
:107CC000028B10BD18EE101A10EE100ABDEC028BDC
:107CD00061F31E0000EE900A30EE600A10BD18EE4F
:107CE000900A4FF07F41B1EB400F1CBF18EE100A15
:107CF0005FEA4000C7D10120E8F708FDBDEC028B28
:107D0000BDE8104000F04AB910B52DED028BF0EE41
:107D1000408A18EE900A00F0EFFA08EE100A18EE0A
:107D2000900AB7EE000A78EEC80A10F0004F4FF044
:107D30007F4010EE901A12D0B1F13F4F24BF10EEE9
:107D4000901AB0EB410F12D210EE901AB1F17C5F95
:107D50001CDD10EE901AB0EB410F17D314E0B1F117
:107D60003F4F07D910EE901AB0EB410F02D338EE17
:107D7000408A0BE010EE901AB1F17C5F06DB10EE4A
:107D8000901AB0EB410F01D338EE008A18EE101AAA
:107D9000B1F19E4F04DB18EE101AB0EB410F09D27F
:107DA00018EE101AB1F14F4F07D918EE101AB0EBB8
:107DB000410F02D30120E8F7A9FC18EE100ABDEC30
:107DC000028BBDE8104000F0C2B9000000B510EE13
:107DD000101A2DED028B81B0524A6846B2EB410F6A
:107DE0002ED94FF0E640B0EB410F94BF00204FF08A
:107DF000FF3000900098B0EE408A00286ADB10F057
:107E0000010F4BD068EE080A9FED471A9FED470A15
:107E100000EE810A9FED461A10F0020F00EE801A64
:107E2000B7EE000A00EE810A02BF01B0BDEC028B82
:107E300000BD00BF01B0B1EE400ABDEC028B00BD39
:107E40003C4B21F00042934241D911F0004FDFED4D
:107E50003A0A20EE201ADFED390A19BF31EE601A16
:107E600071EE200A31EE201A71EE600ABDEEE01AC2
:107E700011EE100A9FED321A00F0030000EEC10A65
:107E80009FED301A009000EEC10A9FED2F1A00EE10
:107E9000C10A9FED2E1A00EEC10AABE728EE080AD0
:107EA0009FED2B1ADFED2B0A10F0020F40EE010AB6
:107EB0009FED291A00EE201A61EE000AB0EE480A82
:107EC00008EE200AB6D101B0BDEC028B00BD00F077
:107ED00075F88FE718EE100A4000B0F17F4F0DD211
:107EE00018EE100AFFF767FD042808BF00F05EF8DF
:107EF000B0EE480A01B0BDEC028B00BD09D10120F3
:107F0000E8F704FC01B0BDEC028B5DF804EB00F077
:107F100045B801B0B0EE480ABDEC028B5DF804EB49
:107F200000F039B8B61F927EB93AB2BACA9F2A3D5C
:107F3000DDFFFFBE490E494683F9223F0000004B9A
:107F40000000C93F00A0FD390020A2331A61342C83
:107F5000336D4CB9DA82083CA0AA2ABE10B52DEDCB
:107F6000028BB1EEC08A18EE100A20F00040C0F17A
:107F7000FF40C00F0AD010EE100A20F00040C0F100
:107F8000FF40C00F04BF0120E8F7C0FBB0EE480A75
:107F9000BDEC028B10BD30EE000A7047DFED020A27
:107FA00080EEA00A70470000000000009FED020A6A
:107FB00020EE000A70470000000000102DE9F001DB
:107FC0004FF07F42B2EB410F9FBF4FF0FF31016096
:107FD000BDE8F00170474FF0004242EA0123C1F3CF
:107FE000C752783A551112F01F0C434CCCF12006C1
:107FF0007C44C1F3C752A2F178024FEA621204EB4B
:10800000820254F8254008BFD2E9015612D05568C3
:1080100004FA0CF425FA06F73C43976805FA0CF5C8
:1080200027FA06F8D26807FA0CFCF24045EA080580
:108030004CEA0206A4FB034CA5FB0352A6FB036318
:108040001D449D4234BF012600261319334416B146
:10805000934202D903E0934201D2012200E00022C0
:10806000624402F1200C9206DC0C42EA443200EE3B
:10807000102A5B03DFED210AF8EEC01A00EE103A79
:108080004FEA9C1C11F0004FB8EE400AC0F800C047
:1080900020EE201A00EE105ADFED190AB8EE400A61
:1080A00020EE200A71EE810A70EE800A10EE902A0E
:1080B00002F500626FF30B0200EE902A70EEE11AF7
:1080C00031EEC11ADFED101A30EE411A9FED0D0AA4
:1080D00020EE800A01EE210A9FED0C1A00EE810AC3
:1080E00004BFBDE8F0017047CCF180510160BDE8EC
:1080F000F001B1EE400A70478C030000000000362A
:108100000000802C22AAFD29DB0FC92F0000C92FF7
:1081100010B500EE100A2DED028BB1EEC08A18EEFC
:10812000100A20F00040C0F1FF40C00F0AD010EE4E
:10813000100A20F00040C0F1FF40C00F04BF012032
:10814000E8F7E4FA18EE100ABDEC028B10BD00EE61
:10815000100ABDEE401A11EE100A70470EF1020E21
:108160002EF0030E5EF8044B244204D44FEA410281
:10817000B2F17F4F11D84FEA4003B3F17F4F0CD8D3
:108180000ED14FEAD07C0CEB4C0C0CF1020CB2F18E
:108190007F4F08BF4CEBD17C04E04FF0080C01E0AE
:1081A0004FEAD17C0CEB4C0324FA03F404F00704EF
:1081B000B4F1040C06D20EEB840CBDE810404CF078
:1081C000010C6047DFE80CF0070802024FF00040A6
:1081D000A0F5800010BD0846420018BFD2F18072A1
:1081E00088BF00F0004010BDF1EE100A4FF6FF719D
:1081F000C0F2C03120EA010040F04070E1EE100A08
:10820000704700004FF07F4C3CEA410318BF3CEA46
:10821000400200F062804FF47F0C0CEAD11310F0A2
:10822000004F18BF43F005031CEAD01218BF13EA31
:108230000C0F00F057804FF0004C4CEA00204CEA45
:108240000121A3F580339A4210DD23F00203B0F13F
:10825000004F06D343F00203401ABCBF404283F0F4
:1082600001034FEA4000A2F58032ECE74FEA224CCE
:10827000BCEB234F08DB884206D31CD0A0EB4100A7
:10828000C0F1000083F0010340001DD217D40DD0CF
:10829000B0FA80FC0CF1010C00FA0CF0A2EB0C42DD
:1082A000D2F1000C12DB4FEAC37070474FEA437003
:1082B00000F00040704713F0020FE5D0DEE74FEA10
:1082C0004000B2F58032EBDD002AE9DD4FEAC21250
:1082D00042EA502040EAC370704710B5FFF73EFFF6
:1082E000EDFFFF3E1CEAD11F02D000F000407047B6
:1082F000004870470000C07F5FEA400C5FEA1C6CDA
:10830000BCF17F0314D4D3F1170240F31C804FF06B
:10831000010C0CFA02FCACF10103034020EA03005B
:10832000B3EB5C0208BF10EA0C0F88BF60447047D3
:10833000B3F1FF3F28BF5FEA002C00F0004088BF88
:1083400040F07E507047BCF1FF0FB8BF704710B5CA
:10835000FFF704FF40DBB6BE3031323334353637F9
:108360003839414243444546403058003031323379
:108370003435363738396162636465664030780079
:10838000000000006E83F9A22915444ED15727FC46
:10839000C0DD34F5999562DB4190433CAB6351FEFF
:1083A00000000000000000000000000000000000CD
:1083B00000000000010000000200000003000000B7
:1083C00004000000000000000500000000000000A4
:1083D0000000000000000000060000000000000097
:1083E000000000000000000007000000AB8F010843
:1083F000E11500080100000000000000000200007C
:108400000000000000000000F18F010811280008A2
:1084100003000000000000008000000000000000D9
:1084200000000000AF8F010861B9000802000000E1
:10843000000000000010000034090024344900242A
:10844000A48F010879D00008FFFF000000000000A1
:10845000800000000000000000000000B38F010851
:108460006916010800000000000000008000000004
:108470000000000000000000E58F01085916010807
:10848000000000000000000080000000000000006C
:1084900000000000000408102040010408102040E3
:1084A000005EBCE2613FDD83C29C7E20A3FD1F41D4
:1084B0009DC3217FFCA2401E5F01E3BD3E6082DCC4
:1084C000237D9FC1421CFEA0E1BF5D0380DE3C62B4
:1084D000BEE0025CDF81633D7C22C09E1D43A1FFA4
:1084E0004618FAA427799BC584DA3866E5BB590794
:1084F000DB856739BAE406581947A5FB7826C49A84
:10850000653BD987045AB8E6A7F91B45C6987A2473
:10851000F8A6441A99C7257B3A6486D85B05E7B963
:108520008CD2306EEDB3510F4E10F2AC2F7193CD53
:10853000114FADF3702ECC92D38D6F31B2EC0E5043
:10854000AFF1134DCE90722C6D33D18F0C52B0EE33
:10855000326C8ED0530DEFB1F0AE4C1291CF2D7323
:10856000CA947628ABF517490856B4EA6937D58B13
:108570005709EBB536688AD495CB2977F4AA481603
:10858000E9B7550B88D6346A2B7597C94A14F6A8F3
:10859000742AC896154BA9F7B6E80A54D7896B35E3
:1085A000005EBCE2613FDD83C29C7E20A3FD1F41D3
:1085B0009DC3217FFCA2401E5F01E3BD3E6082DCC3
:1085C000237D9FC1421CFEA0E1BF5D0380DE3C62B3
:1085D000BEE0025CDF81633D7C22C09E1D43A1FFA3
:1085E0004618FAA427799BC584DA3866E5BB590793
:1085F000DB856739BAE406581947A5FB7826C49A83
:10860000653BD987045AB8E6A7F91B45C6987A2472
:10861000F8A6441A99C7257B3A6486D85B05E7B962
:108620008CD2306EEDB3510F4E10F2AC2F7193CD52
:10863000114FADF3702ECC92D38D6F31B2EC0E5042
:10864000AFF1134DCE90722C6D33D18F0C52B0EE32
:10865000326C8ED0530DEFB1F0AE4C1291CF2D7322
:10866000CA947628ABF517490856B4EA6937D58B12
:108670005709EBB536688AD495CB2977F4AA481602
:10868000E9B7550B88D6346A2B7597C94A14F6A8F2
:10869000742AC896154BA9F7B6E80A54D7896B35E2
:1086A0000000000001020304010203040607080998
:1086B0000000803F000000000000000000000000FB
:1086C0000000000000000000000000000000803FEB
:1086D000000000000000000000000000000000009A
:1086E00000000000000000000000803F00000000CB
:1086F000000000000000000000000000000000007A
:10870000000000000000803F0000000000000000AA
:108710000000000000000000000000000000000059
:108720000000803F0000000000000000000000008A
:108730000000000000000000000000000000803F7A
:10874000010002000400060008000A000C001000EE
:108750002000400080000001000000000100803F78
:10876000C90CC0B7E565AABE435690BB3C695D3EE7
:10877000EBFCA9BC08B732BEE745093EA59204BD93
:108780000001020304050607080C101418203040ED
:1087900001010103070100000804020408010101AE
:1087A00000000000920E493CB10AC93C2BC3163DA3
:1087B0002EFB483D752B7B3D04A9963D80B6AF3D11
:1087C00036BDC83D2FBCE13D73B2FA3D87CF093EAF
:1087D0008340163EB5AB223EA2102F3ECF6E3B3EED
:1087E000C2C5473E0115543E135C603E7F9A6C3E05
:1087F000CCCF783EC07D823E938E883E229A8E3EBC
:1088000032A0943E86A09A3EE59AA03E128FA63EE4
:10881000D47CAC3EEF63B23E2A44B83E491DBE3E16
:1088200015EFC33E53B9C93ECA7BCF3E4136D53E54
:1088300080E8DA3E4F92E03E7533E63EBBCBEB3E3E
:10884000EA5AF13ECBE0F63E275DFC3EE4E7003F0E
:108850003D9C033F824B063F9BF5083F6B9A0B3FC5
:10886000DA390E3FCDD3103F2A68133FD9F6153FB2
:10887000C07F183FC6021B3FD17F1D3FCBF61F3F75
:108880009967223F25D2243F5636273F1594293F2A
:108890004AEB2B3FDE3B2E3FBB85303FC9C8323F02
:1088A000F304353F233A373F4268393F3B8F3B3F24
:1088B000F9AE3D3F67C73F3F70D8413F01E2433FBC
:1088C00003E4453F65DE473F12D1493FF8BB4B3FCC
:1088D000029F4D3F207A4F3F3D4D513F4918533F36
:1088E00031DB543FE595563F5348583F6AF2593FB4
:1088F0001A945B3F532D5D3F05BE5E3F2146603FAE
:1089000097C5613F5A3C633F59AA643F880F663F51
:10891000D86B673F3CBF683FA7096A3F0C4B6B3F72
:108920005E836C3F93B26D3F9ED86E3F73F56F3F91
:108930000809713F5213723F4714733FDD0B743FB8
:108940000BFA743FC6DE753F07BA763FC58B773F9B
:10895000F853783F9812793F9DC7793F02737A3F69
:10896000BE147B3FCDAC7B3F283B7C3FC9BF7C3FE7
:10897000AC3A7D3FCCAB7D3F23137E3FB0707E3F52
:108980006DC47E3F580E7F3F6D4E7F3FAB847F3F6F
:108990000FB17F3F97D37F3F43EC7F3F11FB7F3F7A
:1089A0000000803F11FB7F3F43EC7F3F97D37F3F29
:1089B0000FB17F3FAB847F3F6D4E7F3F580E7F3FAF
:1089C0006DC47E3FB0707E3F23137E3FCCAB7D3FB6
:1089D000AC3A7D3FC9BF7C3F283B7C3FCDAC7B3F61
:1089E000BE147B3F02737A3F9DC7793F9812793F4F
:1089F000F853783FC58B773F07BA763FC6DE753FA1
:108A00000BFA743FDD0B743F4714733F5213723FF0
:108A10000809713F73F56F3F9ED86E3F93B26D3F6B
:108A20005E836C3F0C4B6B3FA7096A3F3CBF683FBE
:108A3000D86B673F880F663F59AA643F5A3C633F33
:108A400097C5613F2146603F05BE5E3F532D5D3FA8
:108A50001A945B3F6AF2593F5348583FE595563F99
:108A600031DB543F4918533F3D4D513F207A4F3F32
:108A7000029F4D3FF8BB4B3F12D1493F65DE473F58
:108A800003E4453F01E2433F70D8413F67C73F3FA2
:108A9000F9AE3D3F3B8F3B3F4268393F233A373F7A
:108AA000F304353FC9C8323FBB85303FDE3B2E3F24
:108AB0004AEB2B3F1594293F5636273F25D2243FBA
:108AC0009967223FCBF61F3FD17F1D3FC6021B3F58
:108AD000C07F183FD9F6153F2A68133FCDD3103F0A
:108AE000DA390E3F6B9A0B3F9BF5083F824B063FEE
:108AF0003D9C033FE4E7003F275DFC3ECBE0F63EB4
:108B0000EA5AF13EBBCBEB3E7533E63E4F92E03E78
:108B100080E8DA3E4136D53ECA7BCF3E53B9C93EE6
:108B200015EFC33E491DBE3E2A44B83EEF63B23E38
:108B3000D47CAC3E128FA63EE59AA03E86A09A3E1B
:108B400032A0943E229A8E3E938E883EC07D823E15
:108B5000CCCF783E7F9A6C3E135C603E0115543E4C
:108B6000C2C5473ECF6E3B3EA2102F3EB5AB223E64
:108B70008340163E87CF093E73B2FA3D2FBCE13DDC
:108B800036BDC83D80B6AF3D04A9963D752B7B3DF3
:108B90002EFB483D2BC3163DB10AC93C920E493C01
:108BA00000000000920E49BCB10AC9BC2BC316BD1F
:108BB0002EFB48BD752B7BBD04A996BD80B6AFBD0D
:108BC00036BDC8BD2FBCE1BD73B2FABD87CF09BEAB
:108BD000834016BEB5AB22BEA2102FBECF6E3BBEE9
:108BE000C2C547BE011554BE135C60BE7F9A6CBE01
:108BF000CCCF78BEC07D82BE938E88BE229A8EBEB8
:108C000032A094BE86A09ABEE59AA0BE128FA6BEE0
:108C1000D47CACBEEF63B2BE2A44B8BE491DBEBE12
:108C200015EFC3BE53B9C9BECA7BCFBE4136D5BE50
:108C300080E8DABE4F92E0BE7533E6BEBBCBEBBE3A
:108C4000EA5AF1BECBE0F6BE275DFCBEE4E700BF0A
:108C50003D9C03BF824B06BF9BF508BF6B9A0BBFC1
:108C6000DA390EBFCDD310BF2A6813BFD9F615BFAE
:108C7000C07F18BFC6021BBFD17F1DBFCBF61FBF71
:108C8000996722BF25D224BF563627BF159429BF26
:108C90004AEB2BBFDE3B2EBFBB8530BFC9C832BFFE
:108CA000F30435BF233A37BF426839BF3B8F3BBF20
:108CB000F9AE3DBF67C73FBF70D841BF01E243BFB8
:108CC00003E445BF65DE47BF12D149BFF8BB4BBFC8
:108CD000029F4DBF207A4FBF3D4D51BF491853BF32
:108CE00031DB54BFE59556BF534858BF6AF259BFB0
:108CF0001A945BBF532D5DBF05BE5EBF214660BFAA
:108D000097C561BF5A3C63BF59AA64BF880F66BF4D
:108D1000D86B67BF3CBF68BFA7096ABF0C4B6BBF6E
:108D20005E836CBF93B26DBF9ED86EBF73F56FBF8D
:108D3000080971BF521372BF471473BFDD0B74BFB4
:108D40000BFA74BFC6DE75BF07BA76BFC58B77BF97
:108D5000F85378BF981279BF9DC779BF02737ABF65
:108D6000BE147BBFCDAC7BBF283B7CBFC9BF7CBFE3
:108D7000AC3A7DBFCCAB7DBF23137EBFB0707EBF4E
:108D80006DC47EBF580E7FBF6D4E7FBFAB847FBF6B
:108D90000FB17FBF97D37FBF43EC7FBF11FB7FBF76
:108DA000000080BF11FB7FBF43EC7FBF97D37FBF25
:108DB0000FB17FBFAB847FBF6D4E7FBF580E7FBFAB
:108DC0006DC47EBFB0707EBF23137EBFCCAB7DBFB2
:108DD000AC3A7DBFC9BF7CBF283B7CBFCDAC7BBF5D
:108DE000BE147BBF02737ABF9DC779BF981279BF4B
:108DF000F85378BFC58B77BF07BA76BFC6DE75BF9D
:108E00000BFA74BFDD0B74BF471473BF521372BFEC
:108E1000080971BF73F56FBF9ED86EBF93B26DBF67
:108E20005E836CBF0C4B6BBFA7096ABF3CBF68BFBA
:108E3000D86B67BF880F66BF59AA64BF5A3C63BF2F
:108E400097C561BF214660BF05BE5EBF532D5DBFA4
:108E50001A945BBF6AF259BF534858BFE59556BF95
:108E600031DB54BF491853BF3D4D51BF207A4FBF2E
:108E7000029F4DBFF8BB4BBF12D149BF65DE47BF54
:108E800003E445BF01E243BF70D841BF67C73FBF9E
:108E9000F9AE3DBF3B8F3BBF426839BF233A37BF76
:108EA000F30435BFC9C832BFBB8530BFDE3B2EBF20
:108EB0004AEB2BBF159429BF563627BF25D224BFB6
:108EC000996722BFCBF61FBFD17F1DBFC6021BBF54
:108ED000C07F18BFD9F615BF2A6813BFCDD310BF06
:108EE000DA390EBF6B9A0BBF9BF508BF824B06BFEA
:108EF0003D9C03BFE4E700BF275DFCBECBE0F6BEB0
:108F0000EA5AF1BEBBCBEBBE7533E6BE4F92E0BE74
:108F100080E8DABE4136D5BECA7BCFBE53B9C9BEE2
:108F200015EFC3BE491DBEBE2A44B8BEEF63B2BE34
:108F3000D47CACBE128FA6BEE59AA0BE86A09ABE17
:108F400032A094BE229A8EBE938E88BEC07D82BE11
:108F5000CCCF78BE7F9A6CBE135C60BE011554BE48
:108F6000C2C547BECF6E3BBEA2102FBEB5AB22BE60
:108F7000834016BE87CF09BE73B2FABD2FBCE1BDD8
:108F800036BDC8BD80B6AFBD04A996BD752B7BBDEF
:108F90002EFB48BD2BC316BDB10AC9BC920E49BCFD
:108FA000000000804C45440055490043414E0049B3
:108FB0004D550053746174655F6D616368696E65DA
:108FC000004F6273657276650047696D62616C5F20
:108FD0005461736B00426F61726432426F617264FC
:108FE0005461736B0064656661756C745461736B76
:108FF000004572726F72004D6F746F720000000056
:10900000891112239B322446AD573665BF74488CB4
:10901000C19D5AAFD3BE6CCAE5DB7EE9F7F881107B
:10902000080193331A22A5562C47B7753E64C99C94
:10903000408DDBBF52AEEDDA64CBFFF976E802215A
:109040008B30100299132667AF763444BD554AAD74
:10905000C3BC588ED19F6EEBE7FA7CC8F5D983313B
:109060000A2091121803A7772E66B5543C45CBBD54
:1090700042ACD99E508FEFFB66EAFDD874C904421A
:109080008D5316619F702004A9153227BB364CCE34
:10909000C5DF5EEDD7FC6888E1997AABF3BA8552FB
:1090A0000C4397711E60A1142805B3373A26CDDE14
:1090B00044CFDFFD56ECE9986089FBBB72AA0663DA
:1090C0008F7214409D512225AB343006B9174EEFF4
:1090D000C7FE5CCCD5DD6AA9E3B8788AF19B8773BB
:1090E0000E6295501C41A3352A24B1163807CFFFD4
:1090F00046EEDDDC54CDEBB962A8F99A708B08849A
:1091000081951AA793B62CC2A5D33EE1B7F04008CB
:10911000C919522BDB3A644EED5F766DFF7C899462
:1091200000859BB712A6ADD224C3BFF136E0C118AB
:109130004809D33B5A2AE55E6C4FF77D7E6C0AA541
:1091400083B4188691972EE3A7F23CC0B5D142298B
:10915000CB38500AD91B666FEF7E744CFD5D8BB522
:1091600002A499961087AFF326E2BDD034C1C3396B
:109170004A28D11A580BE77F6E6EF55C7C4D0CC601
:1091800085D71EE597F42880A1913AA3B3B2444A4B
:10919000CD5B5669DF78600CE91D722FFB3E8DD6E2
:1091A00004C79FF516E4A9902081BBB332A2C55A2B
:1091B0004C4BD7795E68E11C680DF33F7A2E0EE7C1
:1091C00087F61CC495D52AA1A3B03882B193466B0B
:1091D000CF7A5448DD59622DEB3C700EF91F8FF7A2
:1091E00006E69DD414C5ABB122A0B9923083C77BEB
:1091F0004E6AD5585C49E33D6A2CF11E780F000099
:10920000891112239B322446AD573665BF74488CB2
:10921000C19D5AAFD3BE6CCAE5DB7EE9F7F8811079
:10922000080193331A22A5562C47B7753E64C99C92
:10923000408DDBBF52AEEDDA64CBFFF976E8022158
:109240008B30100299132667AF763444BD554AAD72
:10925000C3BC588ED19F6EEBE7FA7CC8F5D9833139
:109260000A2091121803A7772E66B5543C45CBBD52
:1092700042ACD99E508FEFFB66EAFDD874C9044218
:109280008D5316619F702004A9153227BB364CCE32
:10929000C5DF5EEDD7FC6888E1997AABF3BA8552F9
:1092A0000C4397711E60A1142805B3373A26CDDE12
:1092B00044CFDFFD56ECE9986089FBBB72AA0663D8
:1092C0008F7214409D512225AB343006B9174EEFF2
:1092D000C7FE5CCCD5DD6AA9E3B8788AF19B8773B9
:1092E0000E6295501C41A3352A24B1163807CFFFD2
:1092F00046EEDDDC54CDEBB962A8F99A708B088498
:1093000081951AA793B62CC2A5D33EE1B7F04008C9
:10931000C919522BDB3A644EED5F766DFF7C899460
:1093200000859BB712A6ADD224C3BFF136E0C118A9
:109330004809D33B5A2AE55E6C4FF77D7E6C0AA53F
:1093400083B4188691972EE3A7F23CC0B5D1422989
:10935000CB38500AD91B666FEF7E744CFD5D8BB520
:1093600002A499961087AFF326E2BDD034C1C33969
:109370004A28D11A580BE77F6E6EF55C7C4D0CC6FF
:1093800085D71EE597F42880A1913AA3B3B2444A49
:10939000CD5B5669DF78600CE91D722FFB3E8DD6E0
:1093A00004C79FF516E4A9902081BBB332A2C55A29
:1093B0004C4BD7795E68E11C680DF33F7A2E0EE7BF
:1093C00087F61CC495D52AA1A3B03882B193466B09
:1093D000CF7A5448DD59622DEB3C700EF91F8FF7A0
:1093E00006E69DD414C5ABB122A0B9923083C77BE9
:1093F0004E6AD5585C49E33D6A2CF11E780F7D0416
:10940000017C000240AB03410005530806580407E5
:109410000F000810820911000A15800B16000C18A5
:10942000010D0000489401080000002438080000E5
:10943000300300085899010838080024383D01001D
:109440009803000800000000001512E7416B3A582D
:10945000A08B3AFFFFF4010050C347CDCCCC3D04B4
:1094600001531C00041A00C8421C20F1DD5ED2BC6E
:10947000EC51F8BFCDCCDC3EE414FD3F6FD3BF3ED2
:1094800026FCE2BE0ABF54BE560E43C157EC334021
:10949000D34D48418B6C03408C4A32C0BE9F38C1CB
:1094A00035DE1B42F2D2CBC10C8202C281266EC0D5
:1094B000295CEC41158C0EC008AC11412A3AF2C06F
:1094C0003FC6A0C0A323F9BF85EB0541F46C66C07D
:1094D000AE477FC29CC46641F2D24842E17A7A41EB
:1094E0005EBA8BC1DFC5FBBBF8C2ACC0787A953FD2
:1094F0003C4E89BFBF7D5140984CF5BFD8818BBF92
:10950000D09B123FD578CEC1E3A54741D200CEBF54
:109510004260B241EE983A3DB53780BF2EFF05C09C
:109520003A921740C66D9CBFFD13AC3E0681A6C1A2
:1095300039B4AF41C5200842F8533D41E1FA23C296
:10954000AE4795C13A9213C0D49A9E3F371A9640BF
:10955000E414194077BE8FC007F04AC0F021EC2117
:10956000F421E821F021F821F021EC21F421E82177
:10957000F021F811F011B813CB41F412C2E812C176
:10958000F01240F81242F01240EC1240F412C1E81E
:1095900012C1F0123FF82240C021BC21C421B821E1
:1095A000C021C821C021BC21C421B821C021C825A7
:1095B00020251C25242518252025282520251C2587
:1095C0002425182520252821F021EC21F421E8214B
:1095D000F021F821F021EC21F421E821F021F8100C
:1095E000A0D8812F403D2CACBF2D43BAC044699711
:1095F000C0B4C8D640CE888040A01A8D415F071302
:10960000C198EE17C2643BEFC1E77B3542560ECBE3
:109610004146B64DC10AD708C3CFF70BC248E16037
:10962000433D4A00C3C14A9642B515FBBF12031E13
:10963000C2CC7FC8BF9C446F4210D831C24CA61721
:10964000412F5DA9423D8ACAC2FE65CF3F4BC81774
:109650003F7B141543FED40EC219E22C4068914F93
:1096600041621074C0BA4989C1C1CA5D41753C4E9E
:109670003F3F35364166E6E1C2D95FECC05C8F08FA
:1096800060204F19C3AEC7654258C57B3F1D38A740
:10969000C0EA049840EB73B1403D0AA0C1423EB815
:1096A000BF3D0A80C11FB506C4A470CC42339309E4
:1096B000448F421D435C0F1CC3A01AFF3FAE471EE0
:1096C000C2992A0840C7CB014277BEA4412653D392
:1096D000C0F021EC21F421E821F021F821F021EC67
:1096E00021F421E821F021F811F01241EC1242F4AA
:1096F0001243E812C2F01243F812C3F0123FEC1208
:109700003FF41242E812C1F01242F822C2C021BC5A
:1097100021C421B821C021C821C021BC21C441B825
:1097200023A0C1C82520251C35241518252025284F
:109730002520251C252425182520252821F021EC6D
:1097400021F421E821F021F821F021EC21F421E895
:1097500021F021F8903114AEC73E1F856B3E4D15A8
:10976000C4BF516B8EC0DB8A9BC0350C57BFAEB6F1
:10977000D6C07EA967BF8AB0AFC0D75155BF696F49
:109780001CC1CBF867BF28124028623F20613061BE
:1097900028A028D7A34241C14A0B42E3A565C1D006
:1097A000441CC0F47D9442C1A8E8406B2B92401841
:1097B000267340EC51D9C2946A1F281241287120A7
:1097C000613061281DF404300ABDCDCC4C3D0090C1
:1097D000D00304300E00C84400004842000020427C
:1097E00001000170093F6666663F00008004113089
:1097F0008E3FC804311030063E0AD7A33C482008EB
:10980000002041000040403C2118212C12010D4055
:1098100005740500245012F0201670D82007233C50
:109820009C534936086104611C000417BC74131C66
:109830000004176F12031C0005164260E53B54003C
:10984000041FA69B441C21ED011070A3833A18014C
:10985000901C27803F6C140521B0323E9C4240048E
:109860001E205C06434C3D2063704114240558CAF9
:10987000B23D983408F8E623C0000096E014049A3C
:109880009919A42407CCBD52499D39BC20059A9949
:10989000993EF4940989D25E3A6666A63FC83104BF
:1098A000110F1805BFDA0FC9101008604159D60012
:1098B000247704121D0810061ED500240F0412E19F
:1098C00004129604124B0812871012D21412FF08C9
:1098D00012A42C12B330123C1812691812B42412BC
:1098E0002D24128640120E1C12952012C31C125AEF
:1098F0001C12A51C122C2C123B60124A1812D124E7
:1099000010060DD70024DF0412A3041249081258D0
:109910000C12671012761412851418051BD8002437
:10992000BD26000C1210A512AA01299C19304A3B31
:10993000C769C06101211029E849E519C080063BCB
:1099400000247449108998256C49BC1640480300CE
:0899500000000000000000000F
:04000005080002CD20
:00000001FF
